ABE,locatedIn,state_PA
ABE,locatedIn,city_Allentown_PA
ABE,serveCity,city_Allentown_PA
ABI,locatedIn,state_TX
ABI,locatedIn,city_Abilene_TX
ABI,serveCity,city_Abilene_TX
ABQ,locatedIn,state_NM
ABQ,locatedIn,city_Albuquerque_NM
ABQ,serveCity,city_Albuquerque_NM
ABR,locatedIn,state_SD
ABR,locatedIn,city_Aberdeen_SD
ABR,serveCity,city_Aberdeen_SD
ABY,locatedIn,city_Albany_GA
ABY,locatedIn,state_GA
ABY,serveCity,city_Albany_GA
ACK,locatedIn,city_Nantucket_MA
ACK,locatedIn,state_MA
ACK,serveCity,city_Nantucket_MA
ACT,locatedIn,city_Waco_TX
ACT,locatedIn,state_TX
ACT,serveCity,city_Waco_TX
ACV,locatedIn,state_CA
ACV,locatedIn,Eureka_CA
ACV,serveCity,Eureka_CA
ACY,locatedIn,city_Atlantic_City_NJ
ACY,locatedIn,state_NJ
ACY,serveCity,city_Atlantic_City_NJ
ADK,locatedIn,city_Adak_AK
ADK,locatedIn,state_AK
ADK,serveCity,city_Adak_AK
ADQ,locatedIn,city_Kodiak_AK
ADQ,locatedIn,state_AK
ADQ,serveCity,city_Kodiak_AK
AEX,locatedIn,state_LA
AEX,locatedIn,city_Alexandria_LA
AEX,serveCity,city_Alexandria_LA
AGS,locatedIn,city_Augusta_GA
AGS,locatedIn,state_GA
AGS,serveCity,city_Augusta_GA
AKN,locatedIn,city_King_Salmon_AK
AKN,locatedIn,state_AK
AKN,serveCity,city_King_Salmon_AK
ALB,locatedIn,city_Albany_NY
ALB,locatedIn,state_NY
ALB,serveCity,city_Albany_NY
ALO,locatedIn,city_Waterloo_IA
ALO,locatedIn,state_IA
ALO,serveCity,city_Waterloo_IA
AMA,locatedIn,state_TX
AMA,locatedIn,city_Amarillo_TX
AMA,serveCity,city_Amarillo_TX
ANC,locatedIn,city_Anchorage_AK
ANC,locatedIn,state_AK
ANC,serveCity,city_Anchorage_AK
APN,locatedIn,state_MI
APN,locatedIn,city_Alpena_MI
APN,serveCity,city_Alpena_MI
ASE,locatedIn,city_Aspen_CO
ASE,locatedIn,state_CO
ASE,serveCity,city_Aspen_CO
ATL,locatedIn,city_Atlanta_GA
ATL,locatedIn,state_GA
ATL,serveCity,city_Atlanta_GA
ATW,locatedIn,city_Appleton_WI
ATW,locatedIn,state_WI
ATW,serveCity,city_Appleton_WI
AUS,locatedIn,city_Austin_TX
AUS,locatedIn,state_TX
AUS,serveCity,city_Austin_TX
AVL,locatedIn,state_NC
AVL,locatedIn,city_Asheville_NC
AVL,serveCity,city_Asheville_NC
AVP,locatedIn,state_PA
AVP,locatedIn,Scranton_PA
AVP,serveCity,Scranton_PA
AZO,locatedIn,city_Kalamazoo_MI
AZO,locatedIn,state_MI
AZO,serveCity,city_Kalamazoo_MI
BDL,locatedIn,state_CT
BDL,locatedIn,city_Windsor_Locks_CT
BDL,serveCity,city_Windsor_Locks_CT
BET,locatedIn,city_Bethel_AK
BET,locatedIn,state_AK
BET,serveCity,city_Bethel_AK
BFL,locatedIn,state_CA
BFL,locatedIn,city_Bakersfield_CA
BFL,serveCity,city_Bakersfield_CA
BGM,locatedIn,city_Binghamton_NY
BGM,locatedIn,state_NY
BGM,serveCity,city_Binghamton_NY
BGR,locatedIn,state_ME
BGR,locatedIn,city_Bangor_ME
BGR,serveCity,city_Bangor_ME
BHM,locatedIn,city_Birmingham_AL
BHM,locatedIn,state_AL
BHM,serveCity,city_Birmingham_AL
BIL,locatedIn,city_Billings_MT
BIL,locatedIn,state_MT
BIL,serveCity,city_Billings_MT
BIS,locatedIn,city_Bismarck_ND
BIS,locatedIn,state_ND
BIS,serveCity,city_Bismarck_ND
BJI,locatedIn,state_MN
BJI,locatedIn,city_Bemidji_MN
BJI,serveCity,city_Bemidji_MN
BLI,locatedIn,state_WA
BLI,locatedIn,city_Bellingham_WA
BLI,serveCity,city_Bellingham_WA
BMI,locatedIn,state_IL
BMI,locatedIn,city_Bloomington_IL
BMI,serveCity,city_Bloomington_IL
BNA,locatedIn,city_Nashville_TN
BNA,locatedIn,state_TN
BNA,serveCity,city_Nashville_TN
BOI,locatedIn,city_Boise_ID
BOI,locatedIn,state_ID
BOI,serveCity,city_Boise_ID
BOS,locatedIn,state_MA
BOS,locatedIn,city_Boston_MA
BOS,serveCity,city_Boston_MA
BPT,locatedIn,state_TX
BPT,locatedIn,Port_Arthur_TX
BPT,serveCity,Port_Arthur_TX
BQK,locatedIn,city_Brunswick_GA
BQK,locatedIn,state_GA
BQK,serveCity,city_Brunswick_GA
BQN,locatedIn,city_Aguadilla_PR
BQN,locatedIn,state_PR
BQN,serveCity,city_Aguadilla_PR
BRD,locatedIn,city_Brainerd_MN
BRD,locatedIn,state_MN
BRD,serveCity,city_Brainerd_MN
BRO,locatedIn,state_TX
BRO,locatedIn,city_Brownsville_TX
BRO,serveCity,city_Brownsville_TX
BRW,locatedIn,city_Barrow_AK
BRW,locatedIn,state_AK
BRW,serveCity,city_Barrow_AK
BTM,locatedIn,city_Butte_MT
BTM,locatedIn,state_MT
BTM,serveCity,city_Butte_MT
BTR,locatedIn,city_Baton_Rouge_LA
BTR,locatedIn,state_LA
BTR,serveCity,city_Baton_Rouge_LA
BTV,locatedIn,state_VT
BTV,locatedIn,city_Burlington_VT
BTV,serveCity,city_Burlington_VT
BUF,locatedIn,city_Buffalo_NY
BUF,locatedIn,state_NY
BUF,serveCity,city_Buffalo_NY
BUR,locatedIn,state_CA
BUR,locatedIn,city_Burbank_CA
BUR,serveCity,city_Burbank_CA
BWI,locatedIn,city_Baltimore_MD
BWI,locatedIn,state_MD
BWI,serveCity,city_Baltimore_MD
BZN,locatedIn,city_Bozeman_MT
BZN,locatedIn,state_MT
BZN,serveCity,city_Bozeman_MT
CAE,locatedIn,state_SC
CAE,locatedIn,city_Columbia_SC
CAE,serveCity,city_Columbia_SC
CAK,locatedIn,city_Akron_OH
CAK,locatedIn,state_OH
CAK,serveCity,city_Akron_OH
CDC,locatedIn,state_UT
CDC,locatedIn,city_Cedar_City_UT
CDC,serveCity,city_Cedar_City_UT
CDV,locatedIn,city_Cordova_AK
CDV,locatedIn,state_AK
CDV,serveCity,city_Cordova_AK
CEC,locatedIn,state_CA
CEC,locatedIn,city_Crescent_City_CA
CEC,serveCity,city_Crescent_City_CA
CHA,locatedIn,city_Chattanooga_TN
CHA,locatedIn,state_TN
CHA,serveCity,city_Chattanooga_TN
CHO,locatedIn,city_Charlottesville_VA
CHO,locatedIn,state_VA
CHO,serveCity,city_Charlottesville_VA
CHS,locatedIn,state_SC
CHS,locatedIn,city_Charleston_SC
CHS,serveCity,city_Charleston_SC
CID,locatedIn,state_IA
CID,locatedIn,city_Cedar_Rapids_IA
CID,serveCity,city_Cedar_Rapids_IA
CIU,locatedIn,city_Sault_Ste._Marie_MI
CIU,locatedIn,state_MI
CIU,serveCity,city_Sault_Ste._Marie_MI
CLD,locatedIn,state_CA
CLD,locatedIn,city_San_Diego_CA
CLD,serveCity,city_San_Diego_CA
CLE,locatedIn,city_Cleveland_OH
CLE,locatedIn,state_OH
CLE,serveCity,city_Cleveland_OH
CLL,locatedIn,city_College_Station_TX
CLL,locatedIn,state_TX
CLL,serveCity,city_College_Station_TX
CLT,locatedIn,state_NC
CLT,locatedIn,city_Charlotte_NC
CLT,serveCity,city_Charlotte_NC
CMH,locatedIn,city_Columbus_OH
CMH,locatedIn,state_OH
CMH,serveCity,city_Columbus_OH
CMI,locatedIn,state_IL
CMI,locatedIn,Urbana_IL
CMI,serveCity,Urbana_IL
CMX,locatedIn,city_Hancock_MI
CMX,locatedIn,state_MI
CMX,serveCity,city_Hancock_MI
CNY,locatedIn,state_UT
CNY,locatedIn,city_Moab_UT
CNY,serveCity,city_Moab_UT
COD,locatedIn,city_Cody_WY
COD,locatedIn,state_WY
COD,serveCity,city_Cody_WY
COS,locatedIn,city_Colorado_Springs_CO
COS,locatedIn,state_CO
COS,serveCity,city_Colorado_Springs_CO
COU,locatedIn,state_MO
COU,locatedIn,city_Columbia_MO
COU,serveCity,city_Columbia_MO
CPR,locatedIn,state_WY
CPR,locatedIn,city_Casper_WY
CPR,serveCity,city_Casper_WY
CRP,locatedIn,city_Corpus_Christi_TX
CRP,locatedIn,state_TX
CRP,serveCity,city_Corpus_Christi_TX
CRW,locatedIn,state_WV
CRW,locatedIn,city_Charleston_WV
CRW,serveCity,city_Charleston_WV
CSG,locatedIn,city_Columbus_GA
CSG,locatedIn,state_GA
CSG,serveCity,city_Columbus_GA
CVG,locatedIn,state_KY
CVG,locatedIn,city_Covington_KY
CVG,serveCity,city_Covington_KY
CWA,locatedIn,city_Mosinee_WI
CWA,locatedIn,state_WI
CWA,serveCity,city_Mosinee_WI
DAB,locatedIn,city_Daytona_Beach_FL
DAB,locatedIn,state_FL
DAB,serveCity,city_Daytona_Beach_FL
DAL,locatedIn,city_Dallas_TX
DAL,locatedIn,state_TX
DAL,serveCity,city_Dallas_TX
DAY,locatedIn,state_OH
DAY,locatedIn,city_Dayton_OH
DAY,serveCity,city_Dayton_OH
DBQ,locatedIn,state_IA
DBQ,locatedIn,city_Dubuque_IA
DBQ,serveCity,city_Dubuque_IA
DCA,locatedIn,city_Arlington_VA
DCA,locatedIn,state_VA
DCA,serveCity,city_Arlington_VA
DEN,locatedIn,city_Denver_CO
DEN,locatedIn,state_CO
DEN,serveCity,city_Denver_CO
DFW,locatedIn,state_TX
DFW,locatedIn,city_Dallas-Fort_Worth_TX
DFW,serveCity,city_Dallas-Fort_Worth_TX
DHN,locatedIn,city_Dothan_AL
DHN,locatedIn,state_AL
DHN,serveCity,city_Dothan_AL
DIK,locatedIn,state_ND
DIK,locatedIn,city_Dickinson_ND
DIK,serveCity,city_Dickinson_ND
DLG,locatedIn,city_Dillingham_AK
DLG,locatedIn,state_AK
DLG,serveCity,city_Dillingham_AK
DLH,locatedIn,state_MN
DLH,locatedIn,city_Duluth_MN
DLH,serveCity,city_Duluth_MN
DRO,locatedIn,state_CO
DRO,locatedIn,city_Durango_CO
DRO,serveCity,city_Durango_CO
DSM,locatedIn,city_Des_Moines_IA
DSM,locatedIn,state_IA
DSM,serveCity,city_Des_Moines_IA
DTW,locatedIn,city_Detroit_MI
DTW,locatedIn,state_MI
DTW,serveCity,city_Detroit_MI
DVL,locatedIn,state_ND
DVL,locatedIn,city_Devils_Lake_ND
DVL,serveCity,city_Devils_Lake_ND
EAU,locatedIn,state_WI
EAU,locatedIn,city_Eau_Claire_WI
EAU,serveCity,city_Eau_Claire_WI
ECP,locatedIn,city_Panama_City_FL
ECP,locatedIn,state_FL
ECP,serveCity,city_Panama_City_FL
EGE,locatedIn,city_Eagle_CO
EGE,locatedIn,state_CO
EGE,serveCity,city_Eagle_CO
EKO,locatedIn,city_Elko_NV
EKO,locatedIn,state_NV
EKO,serveCity,city_Elko_NV
ELM,locatedIn,city_Elmira_NY
ELM,locatedIn,state_NY
ELM,serveCity,city_Elmira_NY
ELP,locatedIn,state_TX
ELP,locatedIn,city_El_Paso_TX
ELP,serveCity,city_El_Paso_TX
ERI,locatedIn,state_PA
ERI,locatedIn,city_Erie_PA
ERI,serveCity,city_Erie_PA
ESC,locatedIn,city_Escanaba_MI
ESC,locatedIn,state_MI
ESC,serveCity,city_Escanaba_MI
EUG,locatedIn,city_Eugene_OR
EUG,locatedIn,state_OR
EUG,serveCity,city_Eugene_OR
EVV,locatedIn,state_IN
EVV,locatedIn,city_Evansville_IN
EVV,serveCity,city_Evansville_IN
EWN,locatedIn,city_New_Bern_NC
EWN,locatedIn,state_NC
EWN,serveCity,city_New_Bern_NC
EWR,locatedIn,city_Newark_NJ
EWR,locatedIn,state_NJ
EWR,serveCity,city_Newark_NJ
EYW,locatedIn,city_Key_West_FL
EYW,locatedIn,state_FL
EYW,serveCity,city_Key_West_FL
FAI,locatedIn,city_Fairbanks_AK
FAI,locatedIn,state_AK
FAI,serveCity,city_Fairbanks_AK
FAR,locatedIn,city_Fargo_ND
FAR,locatedIn,state_ND
FAR,serveCity,city_Fargo_ND
FAT,locatedIn,state_CA
FAT,locatedIn,city_Fresno_CA
FAT,serveCity,city_Fresno_CA
FAY,locatedIn,city_Fayetteville_NC
FAY,locatedIn,state_NC
FAY,serveCity,city_Fayetteville_NC
FCA,locatedIn,state_MT
FCA,locatedIn,city_Kalispell_MT
FCA,serveCity,city_Kalispell_MT
FLG,locatedIn,city_Flagstaff_AZ
FLG,locatedIn,state_AZ
FLG,serveCity,city_Flagstaff_AZ
FLL,locatedIn,state_FL
FLL,locatedIn,city_Ft._Lauderdale_FL
FLL,serveCity,city_Ft._Lauderdale_FL
FNT,locatedIn,city_Flint_MI
FNT,locatedIn,state_MI
FNT,serveCity,city_Flint_MI
FSD,locatedIn,state_SD
FSD,locatedIn,city_Sioux_Falls_SD
FSD,serveCity,city_Sioux_Falls_SD
FSM,locatedIn,state_AR
FSM,locatedIn,city_Fort_Smith_AR
FSM,serveCity,city_Fort_Smith_AR
FWA,locatedIn,state_IN
FWA,locatedIn,city_Fort_Wayne_IN
FWA,serveCity,city_Fort_Wayne_IN
GCC,locatedIn,state_WY
GCC,locatedIn,city_Gillette_WY
GCC,serveCity,city_Gillette_WY
GCK,locatedIn,city_Garden_City_KS
GCK,locatedIn,state_KS
GCK,serveCity,city_Garden_City_KS
GEG,locatedIn,city_Spokane_WA
GEG,locatedIn,state_WA
GEG,serveCity,city_Spokane_WA
GFK,locatedIn,city_Grand_Forks_ND
GFK,locatedIn,state_ND
GFK,serveCity,city_Grand_Forks_ND
GGG,locatedIn,city_Longview_TX
GGG,locatedIn,state_TX
GGG,serveCity,city_Longview_TX
GJT,locatedIn,city_Grand_Junction_CO
GJT,locatedIn,state_CO
GJT,serveCity,city_Grand_Junction_CO
GNV,locatedIn,state_FL
GNV,locatedIn,city_Gainesville_FL
GNV,serveCity,city_Gainesville_FL
GPT,locatedIn,state_MS
GPT,locatedIn,city_Gulfport-Biloxi_MS
GPT,serveCity,city_Gulfport-Biloxi_MS
GRB,locatedIn,city_Green_Bay_WI
GRB,locatedIn,state_WI
GRB,serveCity,city_Green_Bay_WI
GRI,locatedIn,city_Grand_Island_NE
GRI,locatedIn,state_NE
GRI,serveCity,city_Grand_Island_NE
GRK,locatedIn,state_TX
GRK,locatedIn,city_Killeen_TX
GRK,serveCity,city_Killeen_TX
GRR,locatedIn,city_Grand_Rapids_MI
GRR,locatedIn,state_MI
GRR,serveCity,city_Grand_Rapids_MI
GSO,locatedIn,city_Greensboro_NC
GSO,locatedIn,state_NC
GSO,serveCity,city_Greensboro_NC
GSP,locatedIn,state_SC
GSP,locatedIn,city_Greer_SC
GSP,serveCity,city_Greer_SC
GST,locatedIn,city_Gustavus_AK
GST,locatedIn,state_AK
GST,serveCity,city_Gustavus_AK
GTF,locatedIn,state_MT
GTF,locatedIn,city_Great_Falls_MT
GTF,serveCity,city_Great_Falls_MT
GTR,locatedIn,state_MS
GTR,locatedIn,city_Columbus-Starkville-West_Point_MS
GTR,serveCity,city_Columbus-Starkville-West_Point_MS
GUC,locatedIn,city_Gunnison_CO
GUC,locatedIn,state_CO
GUC,serveCity,city_Gunnison_CO
GUM,locatedIn,state_GU
GUM,locatedIn,city_Agana_GU
GUM,serveCity,city_Agana_GU
HDN,locatedIn,city_Hayden_CO
HDN,locatedIn,state_CO
HDN,serveCity,city_Hayden_CO
HIB,locatedIn,state_MN
HIB,locatedIn,city_Hibbing_MN
HIB,serveCity,city_Hibbing_MN
HLN,locatedIn,city_Helena_MT
HLN,locatedIn,state_MT
HLN,serveCity,city_Helena_MT
HNL,locatedIn,city_Honolulu_HI
HNL,locatedIn,state_HI
HNL,serveCity,city_Honolulu_HI
HOB,locatedIn,state_NM
HOB,locatedIn,city_Hobbs_NM
HOB,serveCity,city_Hobbs_NM
HOU,locatedIn,state_TX
HOU,locatedIn,city_Houston_TX
HOU,serveCity,city_Houston_TX
HPN,locatedIn,city_White_Plains_NY
HPN,locatedIn,state_NY
HPN,serveCity,city_White_Plains_NY
HRL,locatedIn,city_Harlingen_TX
HRL,locatedIn,state_TX
HRL,serveCity,city_Harlingen_TX
HSV,locatedIn,city_Huntsville_AL
HSV,locatedIn,state_AL
HSV,serveCity,city_Huntsville_AL
HYA,locatedIn,state_MA
HYA,locatedIn,city_Hyannis_MA
HYA,serveCity,city_Hyannis_MA
HYS,locatedIn,city_Hays_KS
HYS,locatedIn,state_KS
HYS,serveCity,city_Hays_KS
IAD,locatedIn,city_Chantilly_VA
IAD,locatedIn,state_VA
IAD,serveCity,city_Chantilly_VA
IAG,locatedIn,city_Niagara_Falls_NY
IAG,locatedIn,state_NY
IAG,serveCity,city_Niagara_Falls_NY
IAH,locatedIn,state_TX
IAH,locatedIn,city_Houston_TX
IAH,serveCity,city_Houston_TX
ICT,locatedIn,city_Wichita_KS
ICT,locatedIn,state_KS
ICT,serveCity,city_Wichita_KS
IDA,locatedIn,state_ID
IDA,locatedIn,city_Idaho_Falls_ID
IDA,serveCity,city_Idaho_Falls_ID
ILG,locatedIn,state_DE
ILG,locatedIn,city_Wilmington_DE
ILG,serveCity,city_Wilmington_DE
ILM,locatedIn,state_NC
ILM,locatedIn,city_Wilmington_NC
ILM,serveCity,city_Wilmington_NC
IMT,locatedIn,state_MI
IMT,locatedIn,Kingsford_MI
IMT,serveCity,Kingsford_MI
IND,locatedIn,state_IN
IND,locatedIn,city_Indianapolis_IN
IND,serveCity,city_Indianapolis_IN
INL,locatedIn,state_MN
INL,locatedIn,city_International_Falls_MN
INL,serveCity,city_International_Falls_MN
ISN,locatedIn,city_Williston_ND
ISN,locatedIn,state_ND
ISN,serveCity,city_Williston_ND
ISP,locatedIn,city_Islip_NY
ISP,locatedIn,state_NY
ISP,serveCity,city_Islip_NY
ITH,locatedIn,city_Ithaca_NY
ITH,locatedIn,state_NY
ITH,serveCity,city_Ithaca_NY
ITO,locatedIn,state_HI
ITO,locatedIn,city_Hilo_HI
ITO,serveCity,city_Hilo_HI
JAC,locatedIn,state_WY
JAC,locatedIn,city_Jackson_WY
JAC,serveCity,city_Jackson_WY
JAN,locatedIn,city_Jackson_MS
JAN,locatedIn,state_MS
JAN,serveCity,city_Jackson_MS
JAX,locatedIn,state_FL
JAX,locatedIn,city_Jacksonville_FL
JAX,serveCity,city_Jacksonville_FL
JFK,locatedIn,state_NY
JFK,locatedIn,city_New_York_NY
JFK,serveCity,city_New_York_NY
JLN,locatedIn,state_MO
JLN,locatedIn,city_Joplin_MO
JLN,serveCity,city_Joplin_MO
JMS,locatedIn,state_ND
JMS,locatedIn,city_Jamestown_ND
JMS,serveCity,city_Jamestown_ND
JNU,locatedIn,city_Juneau_AK
JNU,locatedIn,state_AK
JNU,serveCity,city_Juneau_AK
KOA,locatedIn,Kona_HI
KOA,locatedIn,state_HI
KOA,serveCity,Kona_HI
KTN,locatedIn,city_Ketchikan_AK
KTN,locatedIn,state_AK
KTN,serveCity,city_Ketchikan_AK
LAN,locatedIn,city_Lansing_MI
LAN,locatedIn,state_MI
LAN,serveCity,city_Lansing_MI
LAR,locatedIn,state_WY
LAR,locatedIn,city_Laramie_WY
LAR,serveCity,city_Laramie_WY
LAS,locatedIn,city_Las_Vegas_NV
LAS,locatedIn,state_NV
LAS,serveCity,city_Las_Vegas_NV
LAW,locatedIn,city_Lawton_OK
LAW,locatedIn,state_OK
LAW,serveCity,city_Lawton_OK
LAX,locatedIn,state_CA
LAX,locatedIn,city_Los_Angeles_CA
LAX,serveCity,city_Los_Angeles_CA
LBB,locatedIn,city_Lubbock_TX
LBB,locatedIn,state_TX
LBB,serveCity,city_Lubbock_TX
LBE,locatedIn,state_PA
LBE,locatedIn,city_Latrobe_PA
LBE,serveCity,city_Latrobe_PA
LCH,locatedIn,state_LA
LCH,locatedIn,city_Lake_Charles_LA
LCH,serveCity,city_Lake_Charles_LA
LEX,locatedIn,state_KY
LEX,locatedIn,city_Lexington_KY
LEX,serveCity,city_Lexington_KY
LFT,locatedIn,city_Lafayette_LA
LFT,locatedIn,state_LA
LFT,serveCity,city_Lafayette_LA
LGA,locatedIn,state_NY
LGA,locatedIn,city_New_York_NY
LGA,serveCity,city_New_York_NY
LGB,locatedIn,state_CA
LGB,locatedIn,city_Long_Beach_CA
LGB,serveCity,city_Long_Beach_CA
LIH,locatedIn,state_HI
LIH,locatedIn,city_Lihue_HI
LIH,serveCity,city_Lihue_HI
LIT,locatedIn,state_AR
LIT,locatedIn,city_Little_Rock_AR
LIT,serveCity,city_Little_Rock_AR
LNK,locatedIn,city_Lincoln_NE
LNK,locatedIn,state_NE
LNK,serveCity,city_Lincoln_NE
LRD,locatedIn,city_Laredo_TX
LRD,locatedIn,state_TX
LRD,serveCity,city_Laredo_TX
LSE,locatedIn,state_WI
LSE,locatedIn,city_La_Crosse_WI
LSE,serveCity,city_La_Crosse_WI
LWS,locatedIn,city_Lewiston_ID
LWS,locatedIn,state_ID
LWS,serveCity,city_Lewiston_ID
MAF,locatedIn,state_TX
MAF,locatedIn,city_Midland_TX
MAF,serveCity,city_Midland_TX
MBS,locatedIn,city_Saginaw_MI
MBS,locatedIn,state_MI
MBS,serveCity,city_Saginaw_MI
MCI,locatedIn,state_MO
MCI,locatedIn,city_Kansas_City_MO
MCI,serveCity,city_Kansas_City_MO
MCO,locatedIn,city_Orlando_FL
MCO,locatedIn,state_FL
MCO,serveCity,city_Orlando_FL
MDT,locatedIn,state_PA
MDT,locatedIn,city_Harrisburg_PA
MDT,serveCity,city_Harrisburg_PA
MDW,locatedIn,city_Chicago_IL
MDW,locatedIn,state_IL
MDW,serveCity,city_Chicago_IL
MEI,locatedIn,state_MS
MEI,locatedIn,city_Meridian_MS
MEI,serveCity,city_Meridian_MS
MEM,locatedIn,city_Memphis_TN
MEM,locatedIn,state_TN
MEM,serveCity,city_Memphis_TN
MFE,locatedIn,state_TX
MFE,locatedIn,city_McAllen_TX
MFE,serveCity,city_McAllen_TX
MFR,locatedIn,state_OR
MFR,locatedIn,city_Medford_OR
MFR,serveCity,city_Medford_OR
MGM,locatedIn,city_Montgomery_AL
MGM,locatedIn,state_AL
MGM,serveCity,city_Montgomery_AL
MHK,locatedIn,city_Manhattan_KS
MHK,locatedIn,state_KS
MHK,serveCity,city_Manhattan_KS
MHT,locatedIn,state_NH
MHT,locatedIn,city_Manchester_NH
MHT,serveCity,city_Manchester_NH
MIA,locatedIn,state_FL
MIA,locatedIn,city_Miami_FL
MIA,serveCity,city_Miami_FL
MKE,locatedIn,city_Milwaukee_WI
MKE,locatedIn,state_WI
MKE,serveCity,city_Milwaukee_WI
MKG,locatedIn,city_Muskegon_MI
MKG,locatedIn,state_MI
MKG,serveCity,city_Muskegon_MI
MLB,locatedIn,city_Melbourne_FL
MLB,locatedIn,state_FL
MLB,serveCity,city_Melbourne_FL
MLI,locatedIn,city_Moline_IL
MLI,locatedIn,state_IL
MLI,serveCity,city_Moline_IL
MLU,locatedIn,state_LA
MLU,locatedIn,city_Monroe_LA
MLU,serveCity,city_Monroe_LA
MMH,locatedIn,state_CA
MMH,locatedIn,city_Mammoth_Lakes_CA
MMH,serveCity,city_Mammoth_Lakes_CA
MOB,locatedIn,city_Mobile_AL
MOB,locatedIn,state_AL
MOB,serveCity,city_Mobile_AL
MOT,locatedIn,city_Minot_ND
MOT,locatedIn,state_ND
MOT,serveCity,city_Minot_ND
MQT,locatedIn,city_Marquette_MI
MQT,locatedIn,state_MI
MQT,serveCity,city_Marquette_MI
MRY,locatedIn,state_CA
MRY,locatedIn,city_Monterey_CA
MRY,serveCity,city_Monterey_CA
MSN,locatedIn,state_WI
MSN,locatedIn,city_Madison_WI
MSN,serveCity,city_Madison_WI
MSO,locatedIn,city_Missoula_MT
MSO,locatedIn,state_MT
MSO,serveCity,city_Missoula_MT
MSP,locatedIn,state_MN
MSP,locatedIn,city_Minneapolis_MN
MSP,serveCity,city_Minneapolis_MN
MSY,locatedIn,city_New_Orleans_LA
MSY,locatedIn,state_LA
MSY,serveCity,city_New_Orleans_LA
MTJ,locatedIn,city_Montrose_CO
MTJ,locatedIn,state_CO
MTJ,serveCity,city_Montrose_CO
MVY,locatedIn,state_MA
MVY,locatedIn,city_Marthas_Vineyard_MA
MVY,serveCity,city_Marthas_Vineyard_MA
MYR,locatedIn,state_SC
MYR,locatedIn,city_Myrtle_Beach_SC
MYR,serveCity,city_Myrtle_Beach_SC
OAJ,locatedIn,state_NC
OAJ,locatedIn,city_Jacksonville_NC
OAJ,serveCity,city_Jacksonville_NC
OAK,locatedIn,state_CA
OAK,locatedIn,city_Oakland_CA
OAK,serveCity,city_Oakland_CA
OGG,locatedIn,state_HI
OGG,locatedIn,city_Kahului_HI
OGG,serveCity,city_Kahului_HI
OKC,locatedIn,city_Oklahoma_City_OK
OKC,locatedIn,state_OK
OKC,serveCity,city_Oklahoma_City_OK
OMA,locatedIn,city_Omaha_NE
OMA,locatedIn,state_NE
OMA,serveCity,city_Omaha_NE
OME,locatedIn,state_AK
OME,locatedIn,city_Nome_AK
OME,serveCity,city_Nome_AK
ONT,locatedIn,state_CA
ONT,locatedIn,city_Ontario_CA
ONT,serveCity,city_Ontario_CA
ORD,locatedIn,city_Chicago_IL
ORD,locatedIn,state_IL
ORD,serveCity,city_Chicago_IL
ORF,locatedIn,city_Norfolk_VA
ORF,locatedIn,state_VA
ORF,serveCity,city_Norfolk_VA
ORH,locatedIn,city_Worcester_MA
ORH,locatedIn,state_MA
ORH,serveCity,city_Worcester_MA
OTH,locatedIn,state_OR
OTH,locatedIn,city_North_Bend_OR
OTH,serveCity,city_North_Bend_OR
OTZ,locatedIn,city_Kotzebue_AK
OTZ,locatedIn,state_AK
OTZ,serveCity,city_Kotzebue_AK
PAH,locatedIn,state_KY
PAH,locatedIn,city_Paducah_KY
PAH,serveCity,city_Paducah_KY
PBG,locatedIn,city_Plattsburgh_NY
PBG,locatedIn,state_NY
PBG,serveCity,city_Plattsburgh_NY
PBI,locatedIn,state_FL
PBI,locatedIn,city_West_Palm_Beach_FL
PBI,serveCity,city_West_Palm_Beach_FL
PDX,locatedIn,city_Portland_OR
PDX,locatedIn,state_OR
PDX,serveCity,city_Portland_OR
PHF,locatedIn,city_Newport_News_VA
PHF,locatedIn,state_VA
PHF,serveCity,city_Newport_News_VA
PHL,locatedIn,state_PA
PHL,locatedIn,city_Philadelphia_PA
PHL,serveCity,city_Philadelphia_PA
PHX,locatedIn,city_Phoenix_AZ
PHX,locatedIn,state_AZ
PHX,serveCity,city_Phoenix_AZ
PIA,locatedIn,city_Peoria_IL
PIA,locatedIn,state_IL
PIA,serveCity,city_Peoria_IL
PIB,locatedIn,city_Hattiesburg-Laurel_MS
PIB,locatedIn,state_MS
PIB,serveCity,city_Hattiesburg-Laurel_MS
PIH,locatedIn,city_Pocatello_ID
PIH,locatedIn,state_ID
PIH,serveCity,city_Pocatello_ID
PIT,locatedIn,state_PA
PIT,locatedIn,city_Pittsburgh_PA
PIT,serveCity,city_Pittsburgh_PA
PLN,locatedIn,city_Pellston_MI
PLN,locatedIn,state_MI
PLN,serveCity,city_Pellston_MI
PNS,locatedIn,city_Pensacola_FL
PNS,locatedIn,state_FL
PNS,serveCity,city_Pensacola_FL
PPG,locatedIn,state_AS
PPG,locatedIn,city_Pago_Pago_AS
PPG,serveCity,city_Pago_Pago_AS
PSC,locatedIn,city_Pasco_WA
PSC,locatedIn,state_WA
PSC,serveCity,city_Pasco_WA
PSE,locatedIn,city_Ponce_PR
PSE,locatedIn,state_PR
PSE,serveCity,city_Ponce_PR
PSG,locatedIn,state_AK
PSG,locatedIn,city_Petersburg_AK
PSG,serveCity,city_Petersburg_AK
PSP,locatedIn,state_CA
PSP,locatedIn,city_Palm_Springs_CA
PSP,serveCity,city_Palm_Springs_CA
PUB,locatedIn,city_Pueblo_CO
PUB,locatedIn,state_CO
PUB,serveCity,city_Pueblo_CO
PVD,locatedIn,city_Providence_RI
PVD,locatedIn,state_RI
PVD,serveCity,city_Providence_RI
PWM,locatedIn,state_ME
PWM,locatedIn,city_Portland_ME
PWM,serveCity,city_Portland_ME
RAP,locatedIn,state_SD
RAP,locatedIn,city_Rapid_City_SD
RAP,serveCity,city_Rapid_City_SD
RDD,locatedIn,state_CA
RDD,locatedIn,city_Redding_CA
RDD,serveCity,city_Redding_CA
RDM,locatedIn,state_OR
RDM,locatedIn,city_Redmond_OR
RDM,serveCity,city_Redmond_OR
RDU,locatedIn,state_NC
RDU,locatedIn,city_Raleigh_NC
RDU,serveCity,city_Raleigh_NC
RHI,locatedIn,city_Rhinelander_WI
RHI,locatedIn,state_WI
RHI,serveCity,city_Rhinelander_WI
RIC,locatedIn,city_Richmond_VA
RIC,locatedIn,state_VA
RIC,serveCity,city_Richmond_VA
RKS,locatedIn,state_WY
RKS,locatedIn,city_Rock_Springs_WY
RKS,serveCity,city_Rock_Springs_WY
RNO,locatedIn,state_NV
RNO,locatedIn,city_Reno_NV
RNO,serveCity,city_Reno_NV
ROA,locatedIn,city_Roanoke_VA
ROA,locatedIn,state_VA
ROA,serveCity,city_Roanoke_VA
ROC,locatedIn,city_Rochester_NY
ROC,locatedIn,state_NY
ROC,serveCity,city_Rochester_NY
ROW,locatedIn,state_NM
ROW,locatedIn,city_Roswell_NM
ROW,serveCity,city_Roswell_NM
RST,locatedIn,state_MN
RST,locatedIn,city_Rochester_MN
RST,serveCity,city_Rochester_MN
RSW,locatedIn,city_Ft._Myers_FL
RSW,locatedIn,state_FL
RSW,serveCity,city_Ft._Myers_FL
SAF,locatedIn,state_NM
SAF,locatedIn,city_Santa_Fe_NM
SAF,serveCity,city_Santa_Fe_NM
SAN,locatedIn,state_CA
SAN,locatedIn,city_San_Diego_CA
SAN,serveCity,city_San_Diego_CA
SAT,locatedIn,state_TX
SAT,locatedIn,city_San_Antonio_TX
SAT,serveCity,city_San_Antonio_TX
SAV,locatedIn,city_Savannah_GA
SAV,locatedIn,state_GA
SAV,serveCity,city_Savannah_GA
SBA,locatedIn,state_CA
SBA,locatedIn,city_Santa_Barbara_CA
SBA,serveCity,city_Santa_Barbara_CA
SBN,locatedIn,city_South_Bend_IN
SBN,locatedIn,state_IN
SBN,serveCity,city_South_Bend_IN
SBP,locatedIn,state_CA
SBP,locatedIn,city_San_Luis_Obispo_CA
SBP,serveCity,city_San_Luis_Obispo_CA
SCC,locatedIn,state_AK
SCC,locatedIn,city_Deadhorse_AK
SCC,serveCity,city_Deadhorse_AK
SCE,locatedIn,state_PA
SCE,locatedIn,city_State_College_PA
SCE,serveCity,city_State_College_PA
SDF,locatedIn,state_KY
SDF,locatedIn,city_Louisville_KY
SDF,serveCity,city_Louisville_KY
SEA,locatedIn,city_Seattle_WA
SEA,locatedIn,state_WA
SEA,serveCity,city_Seattle_WA
SFO,locatedIn,state_CA
SFO,locatedIn,city_San_Francisco_CA
SFO,serveCity,city_San_Francisco_CA
SGF,locatedIn,state_MO
SGF,locatedIn,city_Springfield_MO
SGF,serveCity,city_Springfield_MO
SGU,locatedIn,state_UT
SGU,locatedIn,city_St_George_UT
SGU,serveCity,city_St_George_UT
SHV,locatedIn,city_Shreveport_LA
SHV,locatedIn,state_LA
SHV,serveCity,city_Shreveport_LA
SIT,locatedIn,city_Sitka_AK
SIT,locatedIn,state_AK
SIT,serveCity,city_Sitka_AK
SJC,locatedIn,state_CA
SJC,locatedIn,city_San_Jose_CA
SJC,serveCity,city_San_Jose_CA
SJT,locatedIn,city_San_Angelo_TX
SJT,locatedIn,state_TX
SJT,serveCity,city_San_Angelo_TX
SJU,locatedIn,city_San_Juan_PR
SJU,locatedIn,state_PR
SJU,serveCity,city_San_Juan_PR
SLC,locatedIn,state_UT
SLC,locatedIn,city_Salt_Lake_City_UT
SLC,serveCity,city_Salt_Lake_City_UT
SMF,locatedIn,state_CA
SMF,locatedIn,city_Sacramento_CA
SMF,serveCity,city_Sacramento_CA
SMX,locatedIn,state_CA
SMX,locatedIn,city_Santa_Maria_CA
SMX,serveCity,city_Santa_Maria_CA
SNA,locatedIn,state_CA
SNA,locatedIn,city_Santa_Ana_CA
SNA,serveCity,city_Santa_Ana_CA
SPI,locatedIn,state_IL
SPI,locatedIn,city_Springfield_IL
SPI,serveCity,city_Springfield_IL
SPS,locatedIn,city_Wichita_Falls_TX
SPS,locatedIn,state_TX
SPS,serveCity,city_Wichita_Falls_TX
SRQ,locatedIn,city_Sarasota_FL
SRQ,locatedIn,state_FL
SRQ,serveCity,city_Sarasota_FL
STC,locatedIn,city_St_Cloud_MN
STC,locatedIn,state_MN
STC,serveCity,city_St_Cloud_MN
STL,locatedIn,city_St_Louis_MO
STL,locatedIn,state_MO
STL,serveCity,city_St_Louis_MO
STT,locatedIn,state_VI
STT,locatedIn,city_Charlotte_Amalie_VI
STT,serveCity,city_Charlotte_Amalie_VI
STX,locatedIn,city_Christiansted_VI
STX,locatedIn,state_VI
STX,serveCity,city_Christiansted_VI
SUN,locatedIn,city_Hailey_ID
SUN,locatedIn,state_ID
SUN,serveCity,city_Hailey_ID
SUX,locatedIn,city_Sioux_City_IA
SUX,locatedIn,state_IA
SUX,serveCity,city_Sioux_City_IA
SWF,locatedIn,state_NY
SWF,locatedIn,city_Newburgh_NY
SWF,serveCity,city_Newburgh_NY
SYR,locatedIn,city_Syracuse_NY
SYR,locatedIn,state_NY
SYR,serveCity,city_Syracuse_NY
TLH,locatedIn,city_Tallahassee_FL
TLH,locatedIn,state_FL
TLH,serveCity,city_Tallahassee_FL
TOL,locatedIn,city_Toledo_OH
TOL,locatedIn,state_OH
TOL,serveCity,city_Toledo_OH
TPA,locatedIn,city_Tampa_FL
TPA,locatedIn,state_FL
TPA,serveCity,city_Tampa_FL
TRI,locatedIn,state_TN
TRI,locatedIn,city_Bristol_TN
TRI,serveCity,city_Bristol_TN
TTN,locatedIn,city_Trenton_NJ
TTN,locatedIn,state_NJ
TTN,serveCity,city_Trenton_NJ
TUL,locatedIn,city_Tulsa_OK
TUL,locatedIn,state_OK
TUL,serveCity,city_Tulsa_OK
TUS,locatedIn,city_Tucson_AZ
TUS,locatedIn,state_AZ
TUS,serveCity,city_Tucson_AZ
TVC,locatedIn,city_Traverse_City_MI
TVC,locatedIn,state_MI
TVC,serveCity,city_Traverse_City_MI
TWF,locatedIn,city_Twin_Falls_ID
TWF,locatedIn,state_ID
TWF,serveCity,city_Twin_Falls_ID
TXK,locatedIn,city_Texarkana_AR
TXK,locatedIn,state_AR
TXK,serveCity,city_Texarkana_AR
TYR,locatedIn,city_Tyler_TX
TYR,locatedIn,state_TX
TYR,serveCity,city_Tyler_TX
TYS,locatedIn,state_TN
TYS,locatedIn,city_Knoxville_TN
TYS,serveCity,city_Knoxville_TN
UST,locatedIn,city_St._Augustine_FL
UST,locatedIn,state_FL
UST,serveCity,city_St._Augustine_FL
VEL,locatedIn,state_UT
VEL,locatedIn,city_Vernal_UT
VEL,serveCity,city_Vernal_UT
VLD,locatedIn,city_Valdosta_GA
VLD,locatedIn,state_GA
VLD,serveCity,city_Valdosta_GA
VPS,locatedIn,city_Valparaiso_FL
VPS,locatedIn,state_FL
VPS,serveCity,city_Valparaiso_FL
WRG,locatedIn,city_Wrangell_AK
WRG,locatedIn,state_AK
WRG,serveCity,city_Wrangell_AK
WYS,locatedIn,state_MT
WYS,locatedIn,city_West_Yellowstone_MT
WYS,serveCity,city_West_Yellowstone_MT
XNA,locatedIn,state_AR
XNA,locatedIn,Rogers_AR
XNA,serveCity,Rogers_AR
YAK,locatedIn,city_Yakutat_AK
YAK,locatedIn,state_AK
YAK,serveCity,city_Yakutat_AK
YUM,locatedIn,city_Yuma_AZ
YUM,locatedIn,state_AZ
YUM,serveCity,city_Yuma_AZ
cancelled_2010-01-07_1927,hasCarrier,DL
cancelled_2010-01-07_1927,hasDest,DFW
cancelled_2010-01-07_1927,hasFlight,Flight1927
cancelled_2010-01-07_1927,hasOrigin,ATL
cancelled_2010-01-24_1927,hasCarrier,DL
cancelled_2010-01-24_1927,hasDest,DFW
cancelled_2010-01-24_1927,hasFlight,Flight1927
cancelled_2010-01-24_1927,hasOrigin,ATL
city_Aberdeen_SD,locatedIn,state_SD
city_Abilene_TX,locatedIn,state_TX
city_Adak_AK,locatedIn,state_AK
city_Agana_GU,locatedIn,state_GU
city_Aguadilla_PR,locatedIn,state_PR
city_Akron_OH,locatedIn,state_OH
city_Albany_GA,locatedIn,state_GA
city_Albany_NY,locatedIn,state_NY
city_Albuquerque_NM,locatedIn,state_NM
city_Alexandria_LA,locatedIn,state_LA
city_Allentown_PA,locatedIn,state_PA
city_Alpena_MI,locatedIn,state_MI
city_Amarillo_TX,locatedIn,state_TX
city_Anchorage_AK,locatedIn,state_AK
city_Appleton_WI,locatedIn,state_WI
city_Arlington_VA,locatedIn,state_VA
city_Asheville_NC,locatedIn,state_NC
city_Aspen_CO,locatedIn,state_CO
city_Atlanta_GA,locatedIn,state_GA
city_Atlantic_City_NJ,locatedIn,state_NJ
city_Augusta_GA,locatedIn,state_GA
city_Austin_TX,locatedIn,state_TX
city_Bakersfield_CA,locatedIn,state_CA
city_Baltimore_MD,locatedIn,state_MD
city_Bangor_ME,locatedIn,state_ME
city_Barrow_AK,locatedIn,state_AK
city_Baton_Rouge_LA,locatedIn,state_LA
city_Bellingham_WA,locatedIn,state_WA
city_Bemidji_MN,locatedIn,state_MN
city_Bethel_AK,locatedIn,state_AK
city_Billings_MT,locatedIn,state_MT
city_Binghamton_NY,locatedIn,state_NY
city_Birmingham_AL,locatedIn,state_AL
city_Bismarck_ND,locatedIn,state_ND
city_Bloomington_IL,locatedIn,state_IL
city_Boise_ID,locatedIn,state_ID
city_Boston_MA,locatedIn,state_MA
city_Bozeman_MT,locatedIn,state_MT
city_Brainerd_MN,locatedIn,state_MN
city_Bristol_TN,locatedIn,state_TN
city_Brownsville_TX,locatedIn,state_TX
city_Brunswick_GA,locatedIn,state_GA
city_Buffalo_NY,locatedIn,state_NY
city_Burbank_CA,locatedIn,state_CA
city_Burlington_VT,locatedIn,state_VT
city_Butte_MT,locatedIn,state_MT
city_Casper_WY,locatedIn,state_WY
city_Cedar_City_UT,locatedIn,state_UT
city_Cedar_Rapids_IA,locatedIn,state_IA
city_Chantilly_VA,locatedIn,state_VA
city_Charleston_SC,locatedIn,state_SC
city_Charleston_WV,locatedIn,state_WV
city_Charlotte_Amalie_VI,locatedIn,state_VI
city_Charlotte_NC,locatedIn,state_NC
city_Charlottesville_VA,locatedIn,state_VA
city_Chattanooga_TN,locatedIn,state_TN
city_Chicago_IL,locatedIn,state_IL
city_Christiansted_VI,locatedIn,state_VI
city_Cleveland_OH,locatedIn,state_OH
city_Cody_WY,locatedIn,state_WY
city_College_Station_TX,locatedIn,state_TX
city_Colorado_Springs_CO,locatedIn,state_CO
city_Columbia_MO,locatedIn,state_MO
city_Columbia_SC,locatedIn,state_SC
city_Columbus-Starkville-West_Point_MS,locatedIn,state_MS
city_Columbus_GA,locatedIn,state_GA
city_Columbus_OH,locatedIn,state_OH
city_Cordova_AK,locatedIn,state_AK
city_Corpus_Christi_TX,locatedIn,state_TX
city_Covington_KY,locatedIn,state_KY
city_Crescent_City_CA,locatedIn,state_CA
city_Dallas-Fort_Worth_TX,locatedIn,state_TX
city_Dallas_TX,locatedIn,state_TX
city_Dayton_OH,locatedIn,state_OH
city_Daytona_Beach_FL,locatedIn,state_FL
city_Deadhorse_AK,locatedIn,state_AK
city_Denver_CO,locatedIn,state_CO
city_Des_Moines_IA,locatedIn,state_IA
city_Detroit_MI,locatedIn,state_MI
city_Devils_Lake_ND,locatedIn,state_ND
city_Dickinson_ND,locatedIn,state_ND
city_Dillingham_AK,locatedIn,state_AK
city_Dothan_AL,locatedIn,state_AL
city_Dubuque_IA,locatedIn,state_IA
city_Duluth_MN,locatedIn,state_MN
city_Durango_CO,locatedIn,state_CO
city_Eagle_CO,locatedIn,state_CO
city_Eau_Claire_WI,locatedIn,state_WI
city_El_Paso_TX,locatedIn,state_TX
city_Elko_NV,locatedIn,state_NV
city_Elmira_NY,locatedIn,state_NY
city_Erie_PA,locatedIn,state_PA
city_Escanaba_MI,locatedIn,state_MI
city_Eugene_OR,locatedIn,state_OR
city_Evansville_IN,locatedIn,state_IN
city_Fairbanks_AK,locatedIn,state_AK
city_Fargo_ND,locatedIn,state_ND
city_Fayetteville_NC,locatedIn,state_NC
city_Flagstaff_AZ,locatedIn,state_AZ
city_Flint_MI,locatedIn,state_MI
city_Fort_Smith_AR,locatedIn,state_AR
city_Fort_Wayne_IN,locatedIn,state_IN
city_Fresno_CA,locatedIn,state_CA
city_Ft._Lauderdale_FL,locatedIn,state_FL
city_Ft._Myers_FL,locatedIn,state_FL
city_Gainesville_FL,locatedIn,state_FL
city_Garden_City_KS,locatedIn,state_KS
city_Gillette_WY,locatedIn,state_WY
city_Grand_Forks_ND,locatedIn,state_ND
city_Grand_Island_NE,locatedIn,state_NE
city_Grand_Junction_CO,locatedIn,state_CO
city_Grand_Rapids_MI,locatedIn,state_MI
city_Great_Falls_MT,locatedIn,state_MT
city_Green_Bay_WI,locatedIn,state_WI
city_Greensboro_NC,locatedIn,state_NC
city_Greer_SC,locatedIn,state_SC
city_Gulfport-Biloxi_MS,locatedIn,state_MS
city_Gunnison_CO,locatedIn,state_CO
city_Gustavus_AK,locatedIn,state_AK
city_Hailey_ID,locatedIn,state_ID
city_Hancock_MI,locatedIn,state_MI
city_Harlingen_TX,locatedIn,state_TX
city_Harrisburg_PA,locatedIn,state_PA
city_Hattiesburg-Laurel_MS,locatedIn,state_MS
city_Hayden_CO,locatedIn,state_CO
city_Hays_KS,locatedIn,state_KS
city_Helena_MT,locatedIn,state_MT
city_Hibbing_MN,locatedIn,state_MN
city_Hilo_HI,locatedIn,state_HI
city_Hobbs_NM,locatedIn,state_NM
city_Honolulu_HI,locatedIn,state_HI
city_Houston_TX,locatedIn,state_TX
city_Huntsville_AL,locatedIn,state_AL
city_Hyannis_MA,locatedIn,state_MA
city_Idaho_Falls_ID,locatedIn,state_ID
city_Indianapolis_IN,locatedIn,state_IN
city_International_Falls_MN,locatedIn,state_MN
city_Islip_NY,locatedIn,state_NY
city_Ithaca_NY,locatedIn,state_NY
city_Jackson_MS,locatedIn,state_MS
city_Jackson_WY,locatedIn,state_WY
city_Jacksonville_FL,locatedIn,state_FL
city_Jacksonville_NC,locatedIn,state_NC
city_Jamestown_ND,locatedIn,state_ND
city_Joplin_MO,locatedIn,state_MO
city_Juneau_AK,locatedIn,state_AK
city_Kahului_HI,locatedIn,state_HI
city_Kalamazoo_MI,locatedIn,state_MI
city_Kalispell_MT,locatedIn,state_MT
city_Kansas_City_MO,locatedIn,state_MO
city_Ketchikan_AK,locatedIn,state_AK
city_Key_West_FL,locatedIn,state_FL
city_Killeen_TX,locatedIn,state_TX
city_King_Salmon_AK,locatedIn,state_AK
city_Knoxville_TN,locatedIn,state_TN
city_Kodiak_AK,locatedIn,state_AK
city_Kotzebue_AK,locatedIn,state_AK
city_La_Crosse_WI,locatedIn,state_WI
city_Lafayette_LA,locatedIn,state_LA
city_Lake_Charles_LA,locatedIn,state_LA
city_Lansing_MI,locatedIn,state_MI
city_Laramie_WY,locatedIn,state_WY
city_Laredo_TX,locatedIn,state_TX
city_Las_Vegas_NV,locatedIn,state_NV
city_Latrobe_PA,locatedIn,state_PA
city_Lawton_OK,locatedIn,state_OK
city_Lewiston_ID,locatedIn,state_ID
city_Lexington_KY,locatedIn,state_KY
city_Lihue_HI,locatedIn,state_HI
city_Lincoln_NE,locatedIn,state_NE
city_Little_Rock_AR,locatedIn,state_AR
city_Long_Beach_CA,locatedIn,state_CA
city_Longview_TX,locatedIn,state_TX
city_Los_Angeles_CA,locatedIn,state_CA
city_Louisville_KY,locatedIn,state_KY
city_Lubbock_TX,locatedIn,state_TX
city_Madison_WI,locatedIn,state_WI
city_Mammoth_Lakes_CA,locatedIn,state_CA
city_Manchester_NH,locatedIn,state_NH
city_Manhattan_KS,locatedIn,state_KS
city_Marquette_MI,locatedIn,state_MI
city_Marthas_Vineyard_MA,locatedIn,state_MA
city_McAllen_TX,locatedIn,state_TX
city_Medford_OR,locatedIn,state_OR
city_Melbourne_FL,locatedIn,state_FL
city_Memphis_TN,locatedIn,state_TN
city_Meridian_MS,locatedIn,state_MS
city_Miami_FL,locatedIn,state_FL
city_Midland_TX,locatedIn,state_TX
city_Milwaukee_WI,locatedIn,state_WI
city_Minneapolis_MN,locatedIn,state_MN
city_Minot_ND,locatedIn,state_ND
city_Missoula_MT,locatedIn,state_MT
city_Moab_UT,locatedIn,state_UT
city_Mobile_AL,locatedIn,state_AL
city_Moline_IL,locatedIn,state_IL
city_Monroe_LA,locatedIn,state_LA
city_Monterey_CA,locatedIn,state_CA
city_Montgomery_AL,locatedIn,state_AL
city_Montrose_CO,locatedIn,state_CO
city_Mosinee_WI,locatedIn,state_WI
city_Muskegon_MI,locatedIn,state_MI
city_Myrtle_Beach_SC,locatedIn,state_SC
city_Nantucket_MA,locatedIn,state_MA
city_Nashville_TN,locatedIn,state_TN
city_New_Bern_NC,locatedIn,state_NC
city_New_Orleans_LA,locatedIn,state_LA
city_New_York_NY,locatedIn,state_NY
city_Newark_NJ,locatedIn,state_NJ
city_Newburgh_NY,locatedIn,state_NY
city_Newport_News_VA,locatedIn,state_VA
city_Niagara_Falls_NY,locatedIn,state_NY
city_Nome_AK,locatedIn,state_AK
city_Norfolk_VA,locatedIn,state_VA
city_North_Bend_OR,locatedIn,state_OR
city_Oakland_CA,locatedIn,state_CA
city_Oklahoma_City_OK,locatedIn,state_OK
city_Omaha_NE,locatedIn,state_NE
city_Ontario_CA,locatedIn,state_CA
city_Orlando_FL,locatedIn,state_FL
city_Paducah_KY,locatedIn,state_KY
city_Pago_Pago_AS,locatedIn,state_AS
city_Palm_Springs_CA,locatedIn,state_CA
city_Panama_City_FL,locatedIn,state_FL
city_Pasco_WA,locatedIn,state_WA
city_Pellston_MI,locatedIn,state_MI
city_Pensacola_FL,locatedIn,state_FL
city_Peoria_IL,locatedIn,state_IL
city_Petersburg_AK,locatedIn,state_AK
city_Philadelphia_PA,locatedIn,state_PA
city_Phoenix_AZ,locatedIn,state_AZ
city_Pittsburgh_PA,locatedIn,state_PA
city_Plattsburgh_NY,locatedIn,state_NY
city_Pocatello_ID,locatedIn,state_ID
city_Ponce_PR,locatedIn,state_PR
city_Portland_ME,locatedIn,state_ME
city_Portland_OR,locatedIn,state_OR
city_Providence_RI,locatedIn,state_RI
city_Pueblo_CO,locatedIn,state_CO
city_Raleigh_NC,locatedIn,state_NC
city_Rapid_City_SD,locatedIn,state_SD
city_Redding_CA,locatedIn,state_CA
city_Redmond_OR,locatedIn,state_OR
city_Reno_NV,locatedIn,state_NV
city_Rhinelander_WI,locatedIn,state_WI
city_Richmond_VA,locatedIn,state_VA
city_Roanoke_VA,locatedIn,state_VA
city_Rochester_MN,locatedIn,state_MN
city_Rochester_NY,locatedIn,state_NY
city_Rock_Springs_WY,locatedIn,state_WY
city_Roswell_NM,locatedIn,state_NM
city_Sacramento_CA,locatedIn,state_CA
city_Saginaw_MI,locatedIn,state_MI
city_Salt_Lake_City_UT,locatedIn,state_UT
city_San_Angelo_TX,locatedIn,state_TX
city_San_Antonio_TX,locatedIn,state_TX
city_San_Diego_CA,locatedIn,state_CA
city_San_Francisco_CA,locatedIn,state_CA
city_San_Jose_CA,locatedIn,state_CA
city_San_Juan_PR,locatedIn,state_PR
city_San_Luis_Obispo_CA,locatedIn,state_CA
city_Santa_Ana_CA,locatedIn,state_CA
city_Santa_Barbara_CA,locatedIn,state_CA
city_Santa_Fe_NM,locatedIn,state_NM
city_Santa_Maria_CA,locatedIn,state_CA
city_Sarasota_FL,locatedIn,state_FL
city_Sault_Ste._Marie_MI,locatedIn,state_MI
city_Savannah_GA,locatedIn,state_GA
city_Seattle_WA,locatedIn,state_WA
city_Shreveport_LA,locatedIn,state_LA
city_Sioux_City_IA,locatedIn,state_IA
city_Sioux_Falls_SD,locatedIn,state_SD
city_Sitka_AK,locatedIn,state_AK
city_South_Bend_IN,locatedIn,state_IN
city_Spokane_WA,locatedIn,state_WA
city_Springfield_IL,locatedIn,state_IL
city_Springfield_MO,locatedIn,state_MO
city_St._Augustine_FL,locatedIn,state_FL
city_St_Cloud_MN,locatedIn,state_MN
city_St_George_UT,locatedIn,state_UT
city_St_Louis_MO,locatedIn,state_MO
city_State_College_PA,locatedIn,state_PA
city_Syracuse_NY,locatedIn,state_NY
city_Tallahassee_FL,locatedIn,state_FL
city_Tampa_FL,locatedIn,state_FL
city_Texarkana_AR,locatedIn,state_AR
city_Toledo_OH,locatedIn,state_OH
city_Traverse_City_MI,locatedIn,state_MI
city_Trenton_NJ,locatedIn,state_NJ
city_Tucson_AZ,locatedIn,state_AZ
city_Tulsa_OK,locatedIn,state_OK
city_Twin_Falls_ID,locatedIn,state_ID
city_Tyler_TX,locatedIn,state_TX
city_Valdosta_GA,locatedIn,state_GA
city_Valparaiso_FL,locatedIn,state_FL
city_Vernal_UT,locatedIn,state_UT
city_Waco_TX,locatedIn,state_TX
city_Waterloo_IA,locatedIn,state_IA
city_West_Palm_Beach_FL,locatedIn,state_FL
city_West_Yellowstone_MT,locatedIn,state_MT
city_White_Plains_NY,locatedIn,state_NY
city_Wichita_Falls_TX,locatedIn,state_TX
city_Wichita_KS,locatedIn,state_KS
city_Williston_ND,locatedIn,state_ND
city_Wilmington_DE,locatedIn,state_DE
city_Wilmington_NC,locatedIn,state_NC
city_Windsor_Locks_CT,locatedIn,state_CT
city_Worcester_MA,locatedIn,state_MA
city_Wrangell_AK,locatedIn,state_AK
city_Yakutat_AK,locatedIn,state_AK
city_Yuma_AZ,locatedIn,state_AZ
dep_2010-01-01_67,hasCarrier,DL
dep_2010-01-01_67,hasDest,DFW
dep_2010-01-01_67,hasFlight,Flight67
dep_2010-01-01_67,hasOrigin,ATL
dep_2010-01-02_1927,hasCarrier,DL
dep_2010-01-02_1927,hasDest,DFW
dep_2010-01-02_1927,hasFlight,Flight1927
dep_2010-01-02_1927,hasOrigin,ATL
dep_2010-01-02_67,hasCarrier,DL
dep_2010-01-02_67,hasDest,DFW
dep_2010-01-02_67,hasFlight,Flight67
dep_2010-01-02_67,hasOrigin,ATL
dep_2010-01-03_1927,hasCarrier,DL
dep_2010-01-03_1927,hasDest,DFW
dep_2010-01-03_1927,hasFlight,Flight1927
dep_2010-01-03_1927,hasOrigin,ATL
dep_2010-01-03_67,hasCarrier,DL
dep_2010-01-03_67,hasDest,DFW
dep_2010-01-03_67,hasFlight,Flight67
dep_2010-01-03_67,hasOrigin,ATL
dep_2010-01-04_1927,hasCarrier,DL
dep_2010-01-04_1927,hasDest,DFW
dep_2010-01-04_1927,hasFlight,Flight1927
dep_2010-01-04_1927,hasOrigin,ATL
dep_2010-01-04_67,hasCarrier,DL
dep_2010-01-04_67,hasDest,DFW
dep_2010-01-04_67,hasFlight,Flight67
dep_2010-01-04_67,hasOrigin,ATL
dep_2010-01-05_1923,hasCarrier,DL
dep_2010-01-05_1923,hasDest,DFW
dep_2010-01-05_1923,hasFlight,Flight1923
dep_2010-01-05_1923,hasOrigin,ATL
dep_2010-01-05_1927,hasCarrier,DL
dep_2010-01-05_1927,hasDest,DFW
dep_2010-01-05_1927,hasFlight,Flight1927
dep_2010-01-05_1927,hasOrigin,ATL
dep_2010-01-05_67,hasCarrier,DL
dep_2010-01-05_67,hasDest,DFW
dep_2010-01-05_67,hasFlight,Flight67
dep_2010-01-05_67,hasOrigin,ATL
dep_2010-01-06_1923,hasCarrier,DL
dep_2010-01-06_1923,hasDest,DFW
dep_2010-01-06_1923,hasFlight,Flight1923
dep_2010-01-06_1923,hasOrigin,ATL
dep_2010-01-06_1927,hasCarrier,DL
dep_2010-01-06_1927,hasDest,DFW
dep_2010-01-06_1927,hasFlight,Flight1927
dep_2010-01-06_1927,hasOrigin,ATL
dep_2010-01-06_67,hasCarrier,DL
dep_2010-01-06_67,hasDest,DFW
dep_2010-01-06_67,hasFlight,Flight67
dep_2010-01-06_67,hasOrigin,ATL
dep_2010-01-07_1923,hasCarrier,DL
dep_2010-01-07_1923,hasDest,DFW
dep_2010-01-07_1923,hasFlight,Flight1923
dep_2010-01-07_1923,hasOrigin,ATL
dep_2010-01-07_67,hasCarrier,DL
dep_2010-01-07_67,hasDest,DFW
dep_2010-01-07_67,hasFlight,Flight67
dep_2010-01-07_67,hasOrigin,ATL
dep_2010-01-08_1923,hasCarrier,DL
dep_2010-01-08_1923,hasDest,DFW
dep_2010-01-08_1923,hasFlight,Flight1923
dep_2010-01-08_1923,hasOrigin,ATL
dep_2010-01-08_1927,hasCarrier,DL
dep_2010-01-08_1927,hasDest,DFW
dep_2010-01-08_1927,hasFlight,Flight1927
dep_2010-01-08_1927,hasOrigin,ATL
dep_2010-01-08_67,hasCarrier,DL
dep_2010-01-08_67,hasDest,DFW
dep_2010-01-08_67,hasFlight,Flight67
dep_2010-01-08_67,hasOrigin,ATL
dep_2010-01-09_1923,hasCarrier,DL
dep_2010-01-09_1923,hasDest,DFW
dep_2010-01-09_1923,hasFlight,Flight1923
dep_2010-01-09_1923,hasOrigin,ATL
dep_2010-01-09_67,hasCarrier,DL
dep_2010-01-09_67,hasDest,DFW
dep_2010-01-09_67,hasFlight,Flight67
dep_2010-01-09_67,hasOrigin,ATL
dep_2010-01-10_1923,hasCarrier,DL
dep_2010-01-10_1923,hasDest,DFW
dep_2010-01-10_1923,hasFlight,Flight1923
dep_2010-01-10_1923,hasOrigin,ATL
dep_2010-01-10_1927,hasCarrier,DL
dep_2010-01-10_1927,hasDest,DFW
dep_2010-01-10_1927,hasFlight,Flight1927
dep_2010-01-10_1927,hasOrigin,ATL
dep_2010-01-10_67,hasCarrier,DL
dep_2010-01-10_67,hasDest,DFW
dep_2010-01-10_67,hasFlight,Flight67
dep_2010-01-10_67,hasOrigin,ATL
dep_2010-01-11_1923,hasCarrier,DL
dep_2010-01-11_1923,hasDest,DFW
dep_2010-01-11_1923,hasFlight,Flight1923
dep_2010-01-11_1923,hasOrigin,ATL
dep_2010-01-11_1927,hasCarrier,DL
dep_2010-01-11_1927,hasDest,DFW
dep_2010-01-11_1927,hasFlight,Flight1927
dep_2010-01-11_1927,hasOrigin,ATL
dep_2010-01-11_67,hasCarrier,DL
dep_2010-01-11_67,hasDest,DFW
dep_2010-01-11_67,hasFlight,Flight67
dep_2010-01-11_67,hasOrigin,ATL
dep_2010-01-12_1923,hasCarrier,DL
dep_2010-01-12_1923,hasDest,DFW
dep_2010-01-12_1923,hasFlight,Flight1923
dep_2010-01-12_1923,hasOrigin,ATL
dep_2010-01-12_1927,hasCarrier,DL
dep_2010-01-12_1927,hasDest,DFW
dep_2010-01-12_1927,hasFlight,Flight1927
dep_2010-01-12_1927,hasOrigin,ATL
dep_2010-01-12_67,hasCarrier,DL
dep_2010-01-12_67,hasDest,DFW
dep_2010-01-12_67,hasFlight,Flight67
dep_2010-01-12_67,hasOrigin,ATL
dep_2010-01-13_1923,hasCarrier,DL
dep_2010-01-13_1923,hasDest,DFW
dep_2010-01-13_1923,hasFlight,Flight1923
dep_2010-01-13_1923,hasOrigin,ATL
dep_2010-01-13_1927,hasCarrier,DL
dep_2010-01-13_1927,hasDest,DFW
dep_2010-01-13_1927,hasFlight,Flight1927
dep_2010-01-13_1927,hasOrigin,ATL
dep_2010-01-13_67,hasCarrier,DL
dep_2010-01-13_67,hasDest,DFW
dep_2010-01-13_67,hasFlight,Flight67
dep_2010-01-13_67,hasOrigin,ATL
dep_2010-01-14_1923,hasCarrier,DL
dep_2010-01-14_1923,hasDest,DFW
dep_2010-01-14_1923,hasFlight,Flight1923
dep_2010-01-14_1923,hasOrigin,ATL
dep_2010-01-14_1927,hasCarrier,DL
dep_2010-01-14_1927,hasDest,DFW
dep_2010-01-14_1927,hasFlight,Flight1927
dep_2010-01-14_1927,hasOrigin,ATL
dep_2010-01-14_67,hasCarrier,DL
dep_2010-01-14_67,hasDest,DFW
dep_2010-01-14_67,hasFlight,Flight67
dep_2010-01-14_67,hasOrigin,ATL
dep_2010-01-15_1923,hasCarrier,DL
dep_2010-01-15_1923,hasDest,DFW
dep_2010-01-15_1923,hasFlight,Flight1923
dep_2010-01-15_1923,hasOrigin,ATL
dep_2010-01-15_1927,hasCarrier,DL
dep_2010-01-15_1927,hasDest,DFW
dep_2010-01-15_1927,hasFlight,Flight1927
dep_2010-01-15_1927,hasOrigin,ATL
dep_2010-01-15_67,hasCarrier,DL
dep_2010-01-15_67,hasDest,DFW
dep_2010-01-15_67,hasFlight,Flight67
dep_2010-01-15_67,hasOrigin,ATL
dep_2010-01-16_1923,hasCarrier,DL
dep_2010-01-16_1923,hasDest,DFW
dep_2010-01-16_1923,hasFlight,Flight1923
dep_2010-01-16_1923,hasOrigin,ATL
dep_2010-01-16_67,hasCarrier,DL
dep_2010-01-16_67,hasDest,DFW
dep_2010-01-16_67,hasFlight,Flight67
dep_2010-01-16_67,hasOrigin,ATL
dep_2010-01-17_1923,hasCarrier,DL
dep_2010-01-17_1923,hasDest,DFW
dep_2010-01-17_1923,hasFlight,Flight1923
dep_2010-01-17_1923,hasOrigin,ATL
dep_2010-01-17_1927,hasCarrier,DL
dep_2010-01-17_1927,hasDest,DFW
dep_2010-01-17_1927,hasFlight,Flight1927
dep_2010-01-17_1927,hasOrigin,ATL
dep_2010-01-17_67,hasCarrier,DL
dep_2010-01-17_67,hasDest,DFW
dep_2010-01-17_67,hasFlight,Flight67
dep_2010-01-17_67,hasOrigin,ATL
dep_2010-01-18_1923,hasCarrier,DL
dep_2010-01-18_1923,hasDest,DFW
dep_2010-01-18_1923,hasFlight,Flight1923
dep_2010-01-18_1923,hasOrigin,ATL
dep_2010-01-18_1927,hasCarrier,DL
dep_2010-01-18_1927,hasDest,DFW
dep_2010-01-18_1927,hasFlight,Flight1927
dep_2010-01-18_1927,hasOrigin,ATL
dep_2010-01-18_67,hasCarrier,DL
dep_2010-01-18_67,hasDest,DFW
dep_2010-01-18_67,hasFlight,Flight67
dep_2010-01-18_67,hasOrigin,ATL
dep_2010-01-19_1923,hasCarrier,DL
dep_2010-01-19_1923,hasDest,DFW
dep_2010-01-19_1923,hasFlight,Flight1923
dep_2010-01-19_1923,hasOrigin,ATL
dep_2010-01-19_1927,hasCarrier,DL
dep_2010-01-19_1927,hasDest,DFW
dep_2010-01-19_1927,hasFlight,Flight1927
dep_2010-01-19_1927,hasOrigin,ATL
dep_2010-01-19_67,hasCarrier,DL
dep_2010-01-19_67,hasDest,DFW
dep_2010-01-19_67,hasFlight,Flight67
dep_2010-01-19_67,hasOrigin,ATL
dep_2010-01-20_1923,hasCarrier,DL
dep_2010-01-20_1923,hasDest,DFW
dep_2010-01-20_1923,hasFlight,Flight1923
dep_2010-01-20_1923,hasOrigin,ATL
dep_2010-01-20_1927,hasCarrier,DL
dep_2010-01-20_1927,hasDest,DFW
dep_2010-01-20_1927,hasFlight,Flight1927
dep_2010-01-20_1927,hasOrigin,ATL
dep_2010-01-20_67,hasCarrier,DL
dep_2010-01-20_67,hasDest,DFW
dep_2010-01-20_67,hasFlight,Flight67
dep_2010-01-20_67,hasOrigin,ATL
dep_2010-01-21_1923,hasCarrier,DL
dep_2010-01-21_1923,hasDest,DFW
dep_2010-01-21_1923,hasFlight,Flight1923
dep_2010-01-21_1923,hasOrigin,ATL
dep_2010-01-21_1927,hasCarrier,DL
dep_2010-01-21_1927,hasDest,DFW
dep_2010-01-21_1927,hasFlight,Flight1927
dep_2010-01-21_1927,hasOrigin,ATL
dep_2010-01-21_67,hasCarrier,DL
dep_2010-01-21_67,hasDest,DFW
dep_2010-01-21_67,hasFlight,Flight67
dep_2010-01-21_67,hasOrigin,ATL
dep_2010-01-22_1923,hasCarrier,DL
dep_2010-01-22_1923,hasDest,DFW
dep_2010-01-22_1923,hasFlight,Flight1923
dep_2010-01-22_1923,hasOrigin,ATL
dep_2010-01-22_1927,hasCarrier,DL
dep_2010-01-22_1927,hasDest,DFW
dep_2010-01-22_1927,hasFlight,Flight1927
dep_2010-01-22_1927,hasOrigin,ATL
dep_2010-01-22_67,hasCarrier,DL
dep_2010-01-22_67,hasDest,DFW
dep_2010-01-22_67,hasFlight,Flight67
dep_2010-01-22_67,hasOrigin,ATL
dep_2010-01-23_1923,hasCarrier,DL
dep_2010-01-23_1923,hasDest,DFW
dep_2010-01-23_1923,hasFlight,Flight1923
dep_2010-01-23_1923,hasOrigin,ATL
dep_2010-01-23_67,hasCarrier,DL
dep_2010-01-23_67,hasDest,DFW
dep_2010-01-23_67,hasFlight,Flight67
dep_2010-01-23_67,hasOrigin,ATL
dep_2010-01-24_1923,hasCarrier,DL
dep_2010-01-24_1923,hasDest,DFW
dep_2010-01-24_1923,hasFlight,Flight1923
dep_2010-01-24_1923,hasOrigin,ATL
dep_2010-01-24_67,hasCarrier,DL
dep_2010-01-24_67,hasDest,DFW
dep_2010-01-24_67,hasFlight,Flight67
dep_2010-01-24_67,hasOrigin,ATL
dep_2010-01-25_1923,hasCarrier,DL
dep_2010-01-25_1923,hasDest,DFW
dep_2010-01-25_1923,hasFlight,Flight1923
dep_2010-01-25_1923,hasOrigin,ATL
dep_2010-01-25_1927,hasCarrier,DL
dep_2010-01-25_1927,hasDest,DFW
dep_2010-01-25_1927,hasFlight,Flight1927
dep_2010-01-25_1927,hasOrigin,ATL
dep_2010-01-25_67,hasCarrier,DL
dep_2010-01-25_67,hasDest,DFW
dep_2010-01-25_67,hasFlight,Flight67
dep_2010-01-25_67,hasOrigin,ATL
dep_2010-01-26_1923,hasCarrier,DL
dep_2010-01-26_1923,hasDest,DFW
dep_2010-01-26_1923,hasFlight,Flight1923
dep_2010-01-26_1923,hasOrigin,ATL
dep_2010-01-26_1927,hasCarrier,DL
dep_2010-01-26_1927,hasDest,DFW
dep_2010-01-26_1927,hasFlight,Flight1927
dep_2010-01-26_1927,hasOrigin,ATL
dep_2010-01-26_67,hasCarrier,DL
dep_2010-01-26_67,hasDest,DFW
dep_2010-01-26_67,hasFlight,Flight67
dep_2010-01-26_67,hasOrigin,ATL
dep_2010-01-27_1923,hasCarrier,DL
dep_2010-01-27_1923,hasDest,DFW
dep_2010-01-27_1923,hasFlight,Flight1923
dep_2010-01-27_1923,hasOrigin,ATL
dep_2010-01-27_1927,hasCarrier,DL
dep_2010-01-27_1927,hasDest,DFW
dep_2010-01-27_1927,hasFlight,Flight1927
dep_2010-01-27_1927,hasOrigin,ATL
dep_2010-01-27_67,hasCarrier,DL
dep_2010-01-27_67,hasDest,DFW
dep_2010-01-27_67,hasFlight,Flight67
dep_2010-01-27_67,hasOrigin,ATL
dep_2010-01-28_1923,hasCarrier,DL
dep_2010-01-28_1923,hasDest,DFW
dep_2010-01-28_1923,hasFlight,Flight1923
dep_2010-01-28_1923,hasOrigin,ATL
dep_2010-01-28_1927,hasCarrier,DL
dep_2010-01-28_1927,hasDest,DFW
dep_2010-01-28_1927,hasFlight,Flight1927
dep_2010-01-28_1927,hasOrigin,ATL
dep_2010-01-28_67,hasCarrier,DL
dep_2010-01-28_67,hasDest,DFW
dep_2010-01-28_67,hasFlight,Flight67
dep_2010-01-28_67,hasOrigin,ATL
dep_2010-01-29_1923,hasCarrier,DL
dep_2010-01-29_1923,hasDest,DFW
dep_2010-01-29_1923,hasFlight,Flight1923
dep_2010-01-29_1923,hasOrigin,ATL
dep_2010-01-29_1927,hasCarrier,DL
dep_2010-01-29_1927,hasDest,DFW
dep_2010-01-29_1927,hasFlight,Flight1927
dep_2010-01-29_1927,hasOrigin,ATL
dep_2010-01-29_67,hasCarrier,DL
dep_2010-01-29_67,hasDest,DFW
dep_2010-01-29_67,hasFlight,Flight67
dep_2010-01-29_67,hasOrigin,ATL
dep_2010-01-30_1923,hasCarrier,DL
dep_2010-01-30_1923,hasDest,DFW
dep_2010-01-30_1923,hasFlight,Flight1923
dep_2010-01-30_1923,hasOrigin,ATL
dep_2010-01-30_67,hasCarrier,DL
dep_2010-01-30_67,hasDest,DFW
dep_2010-01-30_67,hasFlight,Flight67
dep_2010-01-30_67,hasOrigin,ATL
dep_2010-01-31_1923,hasCarrier,DL
dep_2010-01-31_1923,hasDest,DFW
dep_2010-01-31_1923,hasFlight,Flight1923
dep_2010-01-31_1923,hasOrigin,ATL
dep_2010-01-31_1927,hasCarrier,DL
dep_2010-01-31_1927,hasDest,DFW
dep_2010-01-31_1927,hasFlight,Flight1927
dep_2010-01-31_1927,hasOrigin,ATL
dep_2010-01-31_67,hasCarrier,DL
dep_2010-01-31_67,hasDest,DFW
dep_2010-01-31_67,hasFlight,Flight67
dep_2010-01-31_67,hasOrigin,ATL
2010,hasWeather,meteo_2010_2010-01-23T17
2010,hasWeather,meteo_2010_2010-01-23T18
2010,hasWeather,meteo_2010_2010-01-23T19
2010,hasWeather,meteo_2010_2010-01-23T13
2010,hasWeather,meteo_2010_2010-01-23T14
2010,hasWeather,meteo_2010_2010-01-23T15
2010,hasWeather,meteo_2010_2010-01-23T16
2010,hasWeather,meteo_2010_2010-01-23T10
2010,hasWeather,meteo_2010_2010-01-23T11
2010,hasWeather,meteo_2010_2010-01-23T12
2010,hasWeather,meteo_2010_2010-01-12T07
2010,hasWeather,meteo_2010_2010-01-12T06
2010,hasWeather,meteo_2010_2010-01-12T09
2010,hasWeather,meteo_2010_2010-01-12T08
2010,hasWeather,meteo_2010_2010-01-12T03
2010,hasWeather,meteo_2010_2010-01-12T02
2010,hasWeather,meteo_2010_2010-01-12T05
2010,hasWeather,meteo_2010_2010-01-12T04
2010,hasWeather,meteo_2010_2010-01-12T01
2010,hasWeather,meteo_2010_2010-01-12T00
2010,hasWeather,meteo_2010_2010-01-23T20
2010,hasWeather,meteo_2010_2010-01-23T21
2010,hasWeather,meteo_2010_2010-01-23T22
2010,hasWeather,meteo_2010_2010-01-23T23
2010,hasWeather,meteo_2010_2010-01-12T18
2010,hasWeather,meteo_2010_2010-01-12T17
2010,hasWeather,meteo_2010_2010-01-12T19
2010,hasWeather,meteo_2010_2010-01-12T14
2010,hasWeather,meteo_2010_2010-01-12T13
2010,hasWeather,meteo_2010_2010-01-12T16
2010,hasWeather,meteo_2010_2010-01-12T15
2010,hasWeather,meteo_2010_2010-01-12T10
2010,hasWeather,meteo_2010_2010-01-12T12
2010,hasWeather,meteo_2010_2010-01-12T11
2010,hasWeather,meteo_2010_2010-01-24T07
2010,hasWeather,meteo_2010_2010-01-24T08
2010,hasWeather,meteo_2010_2010-01-24T09
2010,hasWeather,meteo_2010_2010-01-24T03
2010,hasWeather,meteo_2010_2010-01-24T04
2010,hasWeather,meteo_2010_2010-01-24T05
2010,hasWeather,meteo_2010_2010-01-24T06
2010,hasWeather,meteo_2010_2010-01-24T00
2010,hasWeather,meteo_2010_2010-01-24T01
2010,hasWeather,meteo_2010_2010-01-24T02
2010,hasWeather,meteo_2010_2010-01-12T21
2010,hasWeather,meteo_2010_2010-01-12T20
2010,hasWeather,meteo_2010_2010-01-12T23
2010,hasWeather,meteo_2010_2010-01-12T22
2010,hasWeather,meteo_2010_2010-01-24T18
2010,hasWeather,meteo_2010_2010-01-24T19
2010,hasWeather,meteo_2010_2010-01-24T14
2010,hasWeather,meteo_2010_2010-01-24T15
2010,hasWeather,meteo_2010_2010-01-24T16
2010,hasWeather,meteo_2010_2010-01-24T17
2010,hasWeather,meteo_2010_2010-01-24T10
2010,hasWeather,meteo_2010_2010-01-24T11
2010,hasWeather,meteo_2010_2010-01-24T12
2010,hasWeather,meteo_2010_2010-01-24T13
2010,hasWeather,meteo_2010_2010-01-13T08
2010,hasWeather,meteo_2010_2010-01-13T07
2010,hasWeather,meteo_2010_2010-01-13T09
2010,hasWeather,meteo_2010_2010-01-13T04
2010,hasWeather,meteo_2010_2010-01-13T03
2010,hasWeather,meteo_2010_2010-01-13T06
2010,hasWeather,meteo_2010_2010-01-13T05
2010,hasWeather,meteo_2010_2010-01-13T00
2010,hasWeather,meteo_2010_2010-01-13T02
2010,hasWeather,meteo_2010_2010-01-13T01
2010,hasWeather,meteo_2010_2010-01-24T21
2010,hasWeather,meteo_2010_2010-01-24T22
2010,hasWeather,meteo_2010_2010-01-24T23
2010,hasWeather,meteo_2010_2010-01-24T20
2010,hasWeather,meteo_2010_2010-01-13T19
2010,hasWeather,meteo_2010_2010-01-13T18
2010,hasWeather,meteo_2010_2010-01-13T15
2010,hasWeather,meteo_2010_2010-01-13T14
2010,hasWeather,meteo_2010_2010-01-13T17
2010,hasWeather,meteo_2010_2010-01-13T16
2010,hasWeather,meteo_2010_2010-01-13T11
2010,hasWeather,meteo_2010_2010-01-13T10
2010,hasWeather,meteo_2010_2010-01-13T13
2010,hasWeather,meteo_2010_2010-01-13T12
2010,hasWeather,meteo_2010_2010-01-13T20
2010,hasWeather,meteo_2010_2010-01-25T08
2010,hasWeather,meteo_2010_2010-01-25T09
2010,hasWeather,meteo_2010_2010-01-25T04
2010,hasWeather,meteo_2010_2010-01-25T05
2010,hasWeather,meteo_2010_2010-01-25T06
2010,hasWeather,meteo_2010_2010-01-25T07
2010,hasWeather,meteo_2010_2010-01-25T00
2010,hasWeather,meteo_2010_2010-01-25T01
2010,hasWeather,meteo_2010_2010-01-25T02
2010,hasWeather,meteo_2010_2010-01-25T03
2010,hasWeather,meteo_2010_2010-01-13T22
2010,hasWeather,meteo_2010_2010-01-13T21
2010,hasWeather,meteo_2010_2010-01-13T23
2010,hasWeather,meteo_2010_2010-01-25T19
2010,hasWeather,meteo_2010_2010-01-25T15
2010,hasWeather,meteo_2010_2010-01-25T16
2010,hasWeather,meteo_2010_2010-01-25T17
2010,hasWeather,meteo_2010_2010-01-25T18
2010,hasWeather,meteo_2010_2010-01-25T11
2010,hasWeather,meteo_2010_2010-01-25T12
2010,hasWeather,meteo_2010_2010-01-25T13
2010,hasWeather,meteo_2010_2010-01-25T14
2010,hasWeather,meteo_2010_2010-01-25T10
2010,hasWeather,meteo_2010_2010-01-14T08
2010,hasWeather,meteo_2010_2010-01-14T09
2010,hasWeather,meteo_2010_2010-01-14T06
2010,hasWeather,meteo_2010_2010-01-14T07
2010,hasWeather,meteo_2010_2010-01-14T04
2010,hasWeather,meteo_2010_2010-01-14T05
2010,hasWeather,meteo_2010_2010-01-14T02
2010,hasWeather,meteo_2010_2010-01-14T03
2010,hasWeather,meteo_2010_2010-01-14T00
2010,hasWeather,meteo_2010_2010-01-14T01
2010,hasWeather,meteo_2010_2010-01-14T10
2010,hasWeather,meteo_2010_2010-01-25T22
2010,hasWeather,meteo_2010_2010-01-25T23
2010,hasWeather,meteo_2010_2010-01-25T20
2010,hasWeather,meteo_2010_2010-01-25T21
2010,hasWeather,meteo_2010_2010-01-14T19
2010,hasWeather,meteo_2010_2010-01-14T17
2010,hasWeather,meteo_2010_2010-01-14T18
2010,hasWeather,meteo_2010_2010-01-14T15
2010,hasWeather,meteo_2010_2010-01-14T16
2010,hasWeather,meteo_2010_2010-01-14T13
2010,hasWeather,meteo_2010_2010-01-14T14
2010,hasWeather,meteo_2010_2010-01-14T11
2010,hasWeather,meteo_2010_2010-01-14T12
2010,hasWeather,meteo_2010_2010-01-03T09
2010,hasWeather,meteo_2010_2010-01-03T08
2010,hasWeather,meteo_2010_2010-01-03T07
2010,hasWeather,meteo_2010_2010-01-08T21
2010,hasWeather,meteo_2010_2010-01-08T22
2010,hasWeather,meteo_2010_2010-01-20T20
2010,hasWeather,meteo_2010_2010-01-03T06
2010,hasWeather,meteo_2010_2010-01-03T05
2010,hasWeather,meteo_2010_2010-01-03T04
2010,hasWeather,meteo_2010_2010-01-08T20
2010,hasWeather,meteo_2010_2010-01-03T03
2010,hasWeather,meteo_2010_2010-01-20T23
2010,hasWeather,meteo_2010_2010-01-03T02
2010,hasWeather,meteo_2010_2010-01-08T23
2010,hasWeather,meteo_2010_2010-01-03T01
2010,hasWeather,meteo_2010_2010-01-20T21
2010,hasWeather,meteo_2010_2010-01-03T00
2010,hasWeather,meteo_2010_2010-01-20T22
2010,hasWeather,meteo_2010_2010-01-21T07
2010,hasWeather,meteo_2010_2010-01-21T06
2010,hasWeather,meteo_2010_2010-01-21T05
2010,hasWeather,meteo_2010_2010-01-21T04
2010,hasWeather,meteo_2010_2010-01-21T09
2010,hasWeather,meteo_2010_2010-01-21T08
2010,hasWeather,meteo_2010_2010-01-09T00
2010,hasWeather,meteo_2010_2010-01-09T01
2010,hasWeather,meteo_2010_2010-01-09T04
2010,hasWeather,meteo_2010_2010-01-21T03
2010,hasWeather,meteo_2010_2010-01-02T23
2010,hasWeather,meteo_2010_2010-01-09T05
2010,hasWeather,meteo_2010_2010-01-21T02
2010,hasWeather,meteo_2010_2010-01-09T02
2010,hasWeather,meteo_2010_2010-01-02T22
2010,hasWeather,meteo_2010_2010-01-21T01
2010,hasWeather,meteo_2010_2010-01-09T03
2010,hasWeather,meteo_2010_2010-01-21T00
2010,hasWeather,meteo_2010_2010-01-02T21
2010,hasWeather,meteo_2010_2010-01-09T08
2010,hasWeather,meteo_2010_2010-01-02T20
2010,hasWeather,meteo_2010_2010-01-09T09
2010,hasWeather,meteo_2010_2010-01-09T06
2010,hasWeather,meteo_2010_2010-01-09T07
2010,hasWeather,meteo_2010_2010-01-21T18
2010,hasWeather,meteo_2010_2010-01-21T17
2010,hasWeather,meteo_2010_2010-01-21T16
2010,hasWeather,meteo_2010_2010-01-21T15
2010,hasWeather,meteo_2010_2010-01-02T19
2010,hasWeather,meteo_2010_2010-01-21T19
2010,hasWeather,meteo_2010_2010-01-02T18
2010,hasWeather,meteo_2010_2010-01-21T10
2010,hasWeather,meteo_2010_2010-01-02T17
2010,hasWeather,meteo_2010_2010-01-09T11
2010,hasWeather,meteo_2010_2010-01-02T16
2010,hasWeather,meteo_2010_2010-01-09T12
2010,hasWeather,meteo_2010_2010-01-02T15
2010,hasWeather,meteo_2010_2010-01-09T10
2010,hasWeather,meteo_2010_2010-01-02T14
2010,hasWeather,meteo_2010_2010-01-09T15
2010,hasWeather,meteo_2010_2010-01-21T14
2010,hasWeather,meteo_2010_2010-01-02T13
2010,hasWeather,meteo_2010_2010-01-09T16
2010,hasWeather,meteo_2010_2010-01-21T13
2010,hasWeather,meteo_2010_2010-01-02T12
2010,hasWeather,meteo_2010_2010-01-02T11
2010,hasWeather,meteo_2010_2010-01-21T12
2010,hasWeather,meteo_2010_2010-01-09T13
2010,hasWeather,meteo_2010_2010-01-02T10
2010,hasWeather,meteo_2010_2010-01-09T14
2010,hasWeather,meteo_2010_2010-01-21T11
2010,hasWeather,meteo_2010_2010-01-10T08
2010,hasWeather,meteo_2010_2010-01-09T19
2010,hasWeather,meteo_2010_2010-01-10T09
2010,hasWeather,meteo_2010_2010-01-09T17
2010,hasWeather,meteo_2010_2010-01-09T18
2010,hasWeather,meteo_2010_2010-01-10T04
2010,hasWeather,meteo_2010_2010-01-10T05
2010,hasWeather,meteo_2010_2010-01-10T06
2010,hasWeather,meteo_2010_2010-01-10T07
2010,hasWeather,meteo_2010_2010-01-10T00
2010,hasWeather,meteo_2010_2010-01-10T01
2010,hasWeather,meteo_2010_2010-01-10T02
2010,hasWeather,meteo_2010_2010-01-10T03
2010,hasWeather,meteo_2010_2010-01-02T09
2010,hasWeather,meteo_2010_2010-01-02T08
2010,hasWeather,meteo_2010_2010-01-02T07
2010,hasWeather,meteo_2010_2010-01-02T06
2010,hasWeather,meteo_2010_2010-01-21T21
2010,hasWeather,meteo_2010_2010-01-09T22
2010,hasWeather,meteo_2010_2010-01-02T05
2010,hasWeather,meteo_2010_2010-01-21T20
2010,hasWeather,meteo_2010_2010-01-09T23
2010,hasWeather,meteo_2010_2010-01-09T20
2010,hasWeather,meteo_2010_2010-01-02T04
2010,hasWeather,meteo_2010_2010-01-09T21
2010,hasWeather,meteo_2010_2010-01-02T03
2010,hasWeather,meteo_2010_2010-01-02T02
2010,hasWeather,meteo_2010_2010-01-02T01
2010,hasWeather,meteo_2010_2010-01-21T23
2010,hasWeather,meteo_2010_2010-01-02T00
2010,hasWeather,meteo_2010_2010-01-21T22
2010,hasWeather,meteo_2010_2010-01-10T19
2010,hasWeather,meteo_2010_2010-01-10T15
2010,hasWeather,meteo_2010_2010-01-10T16
2010,hasWeather,meteo_2010_2010-01-10T17
2010,hasWeather,meteo_2010_2010-01-10T18
2010,hasWeather,meteo_2010_2010-01-10T11
2010,hasWeather,meteo_2010_2010-01-10T12
2010,hasWeather,meteo_2010_2010-01-10T13
2010,hasWeather,meteo_2010_2010-01-10T14
2010,hasWeather,meteo_2010_2010-01-10T10
2010,hasWeather,meteo_2010_2010-01-22T08
2010,hasWeather,meteo_2010_2010-01-22T07
2010,hasWeather,meteo_2010_2010-01-22T06
2010,hasWeather,meteo_2010_2010-01-22T05
2010,hasWeather,meteo_2010_2010-01-22T09
2010,hasWeather,meteo_2010_2010-01-22T00
2010,hasWeather,meteo_2010_2010-01-01T22
2010,hasWeather,meteo_2010_2010-01-22T04
2010,hasWeather,meteo_2010_2010-01-22T03
2010,hasWeather,meteo_2010_2010-01-01T23
2010,hasWeather,meteo_2010_2010-01-22T02
2010,hasWeather,meteo_2010_2010-01-01T20
2010,hasWeather,meteo_2010_2010-01-22T01
2010,hasWeather,meteo_2010_2010-01-01T21
2010,hasWeather,meteo_2010_2010-01-10T22
2010,hasWeather,meteo_2010_2010-01-10T23
2010,hasWeather,meteo_2010_2010-01-10T20
2010,hasWeather,meteo_2010_2010-01-10T21
2010,hasWeather,meteo_2010_2010-01-22T19
2010,hasWeather,meteo_2010_2010-01-22T18
2010,hasWeather,meteo_2010_2010-01-22T17
2010,hasWeather,meteo_2010_2010-01-22T16
2010,hasWeather,meteo_2010_2010-01-01T19
2010,hasWeather,meteo_2010_2010-01-01T17
2010,hasWeather,meteo_2010_2010-01-01T18
2010,hasWeather,meteo_2010_2010-01-22T11
2010,hasWeather,meteo_2010_2010-01-01T15
2010,hasWeather,meteo_2010_2010-01-22T10
2010,hasWeather,meteo_2010_2010-01-01T16
2010,hasWeather,meteo_2010_2010-01-01T13
2010,hasWeather,meteo_2010_2010-01-01T14
2010,hasWeather,meteo_2010_2010-01-22T15
2010,hasWeather,meteo_2010_2010-01-01T11
2010,hasWeather,meteo_2010_2010-01-01T12
2010,hasWeather,meteo_2010_2010-01-22T14
2010,hasWeather,meteo_2010_2010-01-22T13
2010,hasWeather,meteo_2010_2010-01-01T10
2010,hasWeather,meteo_2010_2010-01-22T12
2010,hasWeather,meteo_2010_2010-01-11T09
2010,hasWeather,meteo_2010_2010-01-11T06
2010,hasWeather,meteo_2010_2010-01-11T05
2010,hasWeather,meteo_2010_2010-01-11T08
2010,hasWeather,meteo_2010_2010-01-11T07
2010,hasWeather,meteo_2010_2010-01-11T02
2010,hasWeather,meteo_2010_2010-01-11T01
2010,hasWeather,meteo_2010_2010-01-11T04
2010,hasWeather,meteo_2010_2010-01-11T03
2010,hasWeather,meteo_2010_2010-01-11T00
2010,hasWeather,meteo_2010_2010-01-01T08
2010,hasWeather,meteo_2010_2010-01-01T09
2010,hasWeather,meteo_2010_2010-01-01T06
2010,hasWeather,meteo_2010_2010-01-01T07
2010,hasWeather,meteo_2010_2010-01-01T04
2010,hasWeather,meteo_2010_2010-01-22T22
2010,hasWeather,meteo_2010_2010-01-22T21
2010,hasWeather,meteo_2010_2010-01-01T05
2010,hasWeather,meteo_2010_2010-01-01T02
2010,hasWeather,meteo_2010_2010-01-22T20
2010,hasWeather,meteo_2010_2010-01-01T03
2010,hasWeather,meteo_2010_2010-01-01T00
2010,hasWeather,meteo_2010_2010-01-01T01
2010,hasWeather,meteo_2010_2010-01-22T23
2010,hasWeather,meteo_2010_2010-01-11T17
2010,hasWeather,meteo_2010_2010-01-11T16
2010,hasWeather,meteo_2010_2010-01-11T19
2010,hasWeather,meteo_2010_2010-01-11T18
2010,hasWeather,meteo_2010_2010-01-11T13
2010,hasWeather,meteo_2010_2010-01-11T12
2010,hasWeather,meteo_2010_2010-01-11T15
2010,hasWeather,meteo_2010_2010-01-11T14
2010,hasWeather,meteo_2010_2010-01-11T11
2010,hasWeather,meteo_2010_2010-01-11T10
2010,hasWeather,meteo_2010_2010-01-23T06
2010,hasWeather,meteo_2010_2010-01-23T07
2010,hasWeather,meteo_2010_2010-01-23T08
2010,hasWeather,meteo_2010_2010-01-23T09
2010,hasWeather,meteo_2010_2010-01-23T02
2010,hasWeather,meteo_2010_2010-01-23T03
2010,hasWeather,meteo_2010_2010-01-23T04
2010,hasWeather,meteo_2010_2010-01-23T05
2010,hasWeather,meteo_2010_2010-01-23T00
2010,hasWeather,meteo_2010_2010-01-23T01
2010,hasWeather,meteo_2010_2010-01-11T23
2010,hasWeather,meteo_2010_2010-01-11T20
2010,hasWeather,meteo_2010_2010-01-11T22
2010,hasWeather,meteo_2010_2010-01-11T21
2010,hasWeather,meteo_2010_2010-01-17T13
2010,hasWeather,meteo_2010_2010-01-17T12
2010,hasWeather,meteo_2010_2010-01-17T11
2010,hasWeather,meteo_2010_2010-01-17T10
2010,hasWeather,meteo_2010_2010-01-06T00
2010,hasWeather,meteo_2010_2010-01-06T02
2010,hasWeather,meteo_2010_2010-01-06T01
2010,hasWeather,meteo_2010_2010-01-06T04
2010,hasWeather,meteo_2010_2010-01-28T23
2010,hasWeather,meteo_2010_2010-01-06T03
2010,hasWeather,meteo_2010_2010-01-28T21
2010,hasWeather,meteo_2010_2010-01-06T06
2010,hasWeather,meteo_2010_2010-01-28T22
2010,hasWeather,meteo_2010_2010-01-06T05
2010,hasWeather,meteo_2010_2010-01-06T08
2010,hasWeather,meteo_2010_2010-01-06T07
2010,hasWeather,meteo_2010_2010-01-28T20
2010,hasWeather,meteo_2010_2010-01-06T09
2010,hasWeather,meteo_2010_2010-01-17T19
2010,hasWeather,meteo_2010_2010-01-17T18
2010,hasWeather,meteo_2010_2010-01-17T17
2010,hasWeather,meteo_2010_2010-01-17T16
2010,hasWeather,meteo_2010_2010-01-17T15
2010,hasWeather,meteo_2010_2010-01-17T14
2010,hasWeather,meteo_2010_2010-01-17T23
2010,hasWeather,meteo_2010_2010-01-17T22
2010,hasWeather,meteo_2010_2010-01-17T21
2010,hasWeather,meteo_2010_2010-01-17T20
2010,hasWeather,meteo_2010_2010-01-29T08
2010,hasWeather,meteo_2010_2010-01-29T09
2010,hasWeather,meteo_2010_2010-01-29T06
2010,hasWeather,meteo_2010_2010-01-06T11
2010,hasWeather,meteo_2010_2010-01-06T10
2010,hasWeather,meteo_2010_2010-01-29T07
2010,hasWeather,meteo_2010_2010-01-29T04
2010,hasWeather,meteo_2010_2010-01-06T13
2010,hasWeather,meteo_2010_2010-01-06T12
2010,hasWeather,meteo_2010_2010-01-29T05
2010,hasWeather,meteo_2010_2010-01-29T02
2010,hasWeather,meteo_2010_2010-01-06T15
2010,hasWeather,meteo_2010_2010-01-29T03
2010,hasWeather,meteo_2010_2010-01-06T14
2010,hasWeather,meteo_2010_2010-01-29T00
2010,hasWeather,meteo_2010_2010-01-06T17
2010,hasWeather,meteo_2010_2010-01-06T16
2010,hasWeather,meteo_2010_2010-01-29T01
2010,hasWeather,meteo_2010_2010-01-06T19
2010,hasWeather,meteo_2010_2010-01-06T18
2010,hasWeather,meteo_2010_2010-01-18T04
2010,hasWeather,meteo_2010_2010-01-18T05
2010,hasWeather,meteo_2010_2010-01-18T06
2010,hasWeather,meteo_2010_2010-01-18T07
2010,hasWeather,meteo_2010_2010-01-18T08
2010,hasWeather,meteo_2010_2010-01-18T09
2010,hasWeather,meteo_2010_2010-01-29T19
2010,hasWeather,meteo_2010_2010-01-06T20
2010,hasWeather,meteo_2010_2010-01-29T17
2010,hasWeather,meteo_2010_2010-01-06T22
2010,hasWeather,meteo_2010_2010-01-29T18
2010,hasWeather,meteo_2010_2010-01-06T21
2010,hasWeather,meteo_2010_2010-01-29T15
2010,hasWeather,meteo_2010_2010-01-06T23
2010,hasWeather,meteo_2010_2010-01-29T16
2010,hasWeather,meteo_2010_2010-01-29T13
2010,hasWeather,meteo_2010_2010-01-30T13
2010,hasWeather,meteo_2010_2010-01-30T14
2010,hasWeather,meteo_2010_2010-01-29T14
2010,hasWeather,meteo_2010_2010-01-30T15
2010,hasWeather,meteo_2010_2010-01-29T11
2010,hasWeather,meteo_2010_2010-01-30T16
2010,hasWeather,meteo_2010_2010-01-29T12
2010,hasWeather,meteo_2010_2010-01-30T17
2010,hasWeather,meteo_2010_2010-01-30T18
2010,hasWeather,meteo_2010_2010-01-29T10
2010,hasWeather,meteo_2010_2010-01-30T19
2010,hasWeather,meteo_2010_2010-01-18T00
2010,hasWeather,meteo_2010_2010-01-30T10
2010,hasWeather,meteo_2010_2010-01-18T01
2010,hasWeather,meteo_2010_2010-01-18T02
2010,hasWeather,meteo_2010_2010-01-30T11
2010,hasWeather,meteo_2010_2010-01-18T03
2010,hasWeather,meteo_2010_2010-01-30T12
2010,hasWeather,meteo_2010_2010-01-18T15
2010,hasWeather,meteo_2010_2010-01-18T16
2010,hasWeather,meteo_2010_2010-01-18T17
2010,hasWeather,meteo_2010_2010-01-18T18
2010,hasWeather,meteo_2010_2010-01-18T19
2010,hasWeather,meteo_2010_2010-01-07T01
2010,hasWeather,meteo_2010_2010-01-07T00
2010,hasWeather,meteo_2010_2010-01-07T03
2010,hasWeather,meteo_2010_2010-01-07T02
2010,hasWeather,meteo_2010_2010-01-30T02
2010,hasWeather,meteo_2010_2010-01-07T05
2010,hasWeather,meteo_2010_2010-01-30T03
2010,hasWeather,meteo_2010_2010-01-07T04
2010,hasWeather,meteo_2010_2010-01-29T22
2010,hasWeather,meteo_2010_2010-01-30T04
2010,hasWeather,meteo_2010_2010-01-07T07
2010,hasWeather,meteo_2010_2010-01-07T06
2010,hasWeather,meteo_2010_2010-01-29T23
2010,hasWeather,meteo_2010_2010-01-30T05
2010,hasWeather,meteo_2010_2010-01-29T20
2010,hasWeather,meteo_2010_2010-01-07T09
2010,hasWeather,meteo_2010_2010-01-30T06
2010,hasWeather,meteo_2010_2010-01-30T07
2010,hasWeather,meteo_2010_2010-01-07T08
2010,hasWeather,meteo_2010_2010-01-29T21
2010,hasWeather,meteo_2010_2010-01-30T08
2010,hasWeather,meteo_2010_2010-01-30T09
2010,hasWeather,meteo_2010_2010-01-18T10
2010,hasWeather,meteo_2010_2010-01-18T11
2010,hasWeather,meteo_2010_2010-01-18T12
2010,hasWeather,meteo_2010_2010-01-30T00
2010,hasWeather,meteo_2010_2010-01-18T13
2010,hasWeather,meteo_2010_2010-01-30T01
2010,hasWeather,meteo_2010_2010-01-18T14
2010,hasWeather,meteo_2010_2010-01-07T10
2010,hasWeather,meteo_2010_2010-01-07T12
2010,hasWeather,meteo_2010_2010-01-07T11
2010,hasWeather,meteo_2010_2010-01-07T14
2010,hasWeather,meteo_2010_2010-01-07T13
2010,hasWeather,meteo_2010_2010-01-31T04
2010,hasWeather,meteo_2010_2010-01-07T16
2010,hasWeather,meteo_2010_2010-01-07T15
2010,hasWeather,meteo_2010_2010-01-31T03
2010,hasWeather,meteo_2010_2010-01-07T18
2010,hasWeather,meteo_2010_2010-01-31T06
2010,hasWeather,meteo_2010_2010-01-31T05
2010,hasWeather,meteo_2010_2010-01-07T17
2010,hasWeather,meteo_2010_2010-01-31T08
2010,hasWeather,meteo_2010_2010-01-31T07
2010,hasWeather,meteo_2010_2010-01-07T19
2010,hasWeather,meteo_2010_2010-01-31T09
2010,hasWeather,meteo_2010_2010-01-18T20
2010,hasWeather,meteo_2010_2010-01-18T21
2010,hasWeather,meteo_2010_2010-01-18T22
2010,hasWeather,meteo_2010_2010-01-31T00
2010,hasWeather,meteo_2010_2010-01-18T23
2010,hasWeather,meteo_2010_2010-01-31T02
2010,hasWeather,meteo_2010_2010-01-31T01
2010,hasWeather,meteo_2010_2010-01-19T05
2010,hasWeather,meteo_2010_2010-01-19T06
2010,hasWeather,meteo_2010_2010-01-19T07
2010,hasWeather,meteo_2010_2010-01-19T08
2010,hasWeather,meteo_2010_2010-01-19T09
2010,hasWeather,meteo_2010_2010-01-07T21
2010,hasWeather,meteo_2010_2010-01-07T20
2010,hasWeather,meteo_2010_2010-01-07T23
2010,hasWeather,meteo_2010_2010-01-07T22
2010,hasWeather,meteo_2010_2010-01-19T00
2010,hasWeather,meteo_2010_2010-01-19T01
2010,hasWeather,meteo_2010_2010-01-30T20
2010,hasWeather,meteo_2010_2010-01-30T21
2010,hasWeather,meteo_2010_2010-01-19T02
2010,hasWeather,meteo_2010_2010-01-19T03
2010,hasWeather,meteo_2010_2010-01-30T22
2010,hasWeather,meteo_2010_2010-01-30T23
2010,hasWeather,meteo_2010_2010-01-19T04
2010,hasWeather,meteo_2010_2010-01-20T05
2010,hasWeather,meteo_2010_2010-01-19T16
2010,hasWeather,meteo_2010_2010-01-19T17
2010,hasWeather,meteo_2010_2010-01-20T06
2010,hasWeather,meteo_2010_2010-01-19T18
2010,hasWeather,meteo_2010_2010-01-20T03
2010,hasWeather,meteo_2010_2010-01-19T19
2010,hasWeather,meteo_2010_2010-01-20T04
2010,hasWeather,meteo_2010_2010-01-20T09
2010,hasWeather,meteo_2010_2010-01-20T07
2010,hasWeather,meteo_2010_2010-01-20T08
2010,hasWeather,meteo_2010_2010-01-08T00
2010,hasWeather,meteo_2010_2010-01-20T01
2010,hasWeather,meteo_2010_2010-01-08T03
2010,hasWeather,meteo_2010_2010-01-20T02
2010,hasWeather,meteo_2010_2010-01-08T04
2010,hasWeather,meteo_2010_2010-01-03T23
2010,hasWeather,meteo_2010_2010-01-08T01
2010,hasWeather,meteo_2010_2010-01-03T22
2010,hasWeather,meteo_2010_2010-01-08T02
2010,hasWeather,meteo_2010_2010-01-20T00
2010,hasWeather,meteo_2010_2010-01-03T21
2010,hasWeather,meteo_2010_2010-01-08T07
2010,hasWeather,meteo_2010_2010-01-03T20
2010,hasWeather,meteo_2010_2010-01-08T08
2010,hasWeather,meteo_2010_2010-01-08T05
2010,hasWeather,meteo_2010_2010-01-08T06
2010,hasWeather,meteo_2010_2010-01-08T09
2010,hasWeather,meteo_2010_2010-01-31T20
2010,hasWeather,meteo_2010_2010-01-19T10
2010,hasWeather,meteo_2010_2010-01-19T11
2010,hasWeather,meteo_2010_2010-01-31T22
2010,hasWeather,meteo_2010_2010-01-19T12
2010,hasWeather,meteo_2010_2010-01-19T13
2010,hasWeather,meteo_2010_2010-01-31T21
2010,hasWeather,meteo_2010_2010-01-19T14
2010,hasWeather,meteo_2010_2010-01-31T23
2010,hasWeather,meteo_2010_2010-01-19T15
2010,hasWeather,meteo_2010_2010-01-20T16
2010,hasWeather,meteo_2010_2010-01-20T17
2010,hasWeather,meteo_2010_2010-01-20T14
2010,hasWeather,meteo_2010_2010-01-20T15
2010,hasWeather,meteo_2010_2010-01-20T18
2010,hasWeather,meteo_2010_2010-01-03T19
2010,hasWeather,meteo_2010_2010-01-20T19
2010,hasWeather,meteo_2010_2010-01-08T10
2010,hasWeather,meteo_2010_2010-01-03T18
2010,hasWeather,meteo_2010_2010-01-03T17
2010,hasWeather,meteo_2010_2010-01-08T11
2010,hasWeather,meteo_2010_2010-01-03T16
2010,hasWeather,meteo_2010_2010-01-03T15
2010,hasWeather,meteo_2010_2010-01-03T14
2010,hasWeather,meteo_2010_2010-01-20T12
2010,hasWeather,meteo_2010_2010-01-08T14
2010,hasWeather,meteo_2010_2010-01-08T15
2010,hasWeather,meteo_2010_2010-01-20T13
2010,hasWeather,meteo_2010_2010-01-03T13
2010,hasWeather,meteo_2010_2010-01-20T10
2010,hasWeather,meteo_2010_2010-01-08T12
2010,hasWeather,meteo_2010_2010-01-03T12
2010,hasWeather,meteo_2010_2010-01-20T11
2010,hasWeather,meteo_2010_2010-01-03T11
2010,hasWeather,meteo_2010_2010-01-08T13
2010,hasWeather,meteo_2010_2010-01-31T15
2010,hasWeather,meteo_2010_2010-01-03T10
2010,hasWeather,meteo_2010_2010-01-08T18
2010,hasWeather,meteo_2010_2010-01-08T19
2010,hasWeather,meteo_2010_2010-01-31T14
2010,hasWeather,meteo_2010_2010-01-31T17
2010,hasWeather,meteo_2010_2010-01-08T16
2010,hasWeather,meteo_2010_2010-01-31T16
2010,hasWeather,meteo_2010_2010-01-08T17
2010,hasWeather,meteo_2010_2010-01-31T19
2010,hasWeather,meteo_2010_2010-01-31T18
2010,hasWeather,meteo_2010_2010-01-19T20
2010,hasWeather,meteo_2010_2010-01-19T21
2010,hasWeather,meteo_2010_2010-01-19T22
2010,hasWeather,meteo_2010_2010-01-19T23
2010,hasWeather,meteo_2010_2010-01-31T11
2010,hasWeather,meteo_2010_2010-01-31T10
2010,hasWeather,meteo_2010_2010-01-31T13
2010,hasWeather,meteo_2010_2010-01-31T12
2010,hasWeather,meteo_2010_2010-01-14T20
2010,hasWeather,meteo_2010_2010-01-14T21
2010,hasWeather,meteo_2010_2010-01-26T09
2010,hasWeather,meteo_2010_2010-01-26T06
2010,hasWeather,meteo_2010_2010-01-26T05
2010,hasWeather,meteo_2010_2010-01-26T08
2010,hasWeather,meteo_2010_2010-01-26T07
2010,hasWeather,meteo_2010_2010-01-26T02
2010,hasWeather,meteo_2010_2010-01-26T01
2010,hasWeather,meteo_2010_2010-01-26T04
2010,hasWeather,meteo_2010_2010-01-26T03
2010,hasWeather,meteo_2010_2010-01-26T00
2010,hasWeather,meteo_2010_2010-01-14T22
2010,hasWeather,meteo_2010_2010-01-14T23
2010,hasWeather,meteo_2010_2010-01-15T00
2010,hasWeather,meteo_2010_2010-01-26T17
2010,hasWeather,meteo_2010_2010-01-26T16
2010,hasWeather,meteo_2010_2010-01-26T19
2010,hasWeather,meteo_2010_2010-01-26T18
2010,hasWeather,meteo_2010_2010-01-26T13
2010,hasWeather,meteo_2010_2010-01-26T12
2010,hasWeather,meteo_2010_2010-01-26T15
2010,hasWeather,meteo_2010_2010-01-26T14
2010,hasWeather,meteo_2010_2010-01-26T11
2010,hasWeather,meteo_2010_2010-01-26T10
2010,hasWeather,meteo_2010_2010-01-15T09
2010,hasWeather,meteo_2010_2010-01-15T07
2010,hasWeather,meteo_2010_2010-01-15T08
2010,hasWeather,meteo_2010_2010-01-15T05
2010,hasWeather,meteo_2010_2010-01-15T06
2010,hasWeather,meteo_2010_2010-01-15T03
2010,hasWeather,meteo_2010_2010-01-15T04
2010,hasWeather,meteo_2010_2010-01-15T01
2010,hasWeather,meteo_2010_2010-01-15T02
2010,hasWeather,meteo_2010_2010-01-15T10
2010,hasWeather,meteo_2010_2010-01-15T11
2010,hasWeather,meteo_2010_2010-01-26T23
2010,hasWeather,meteo_2010_2010-01-04T00
2010,hasWeather,meteo_2010_2010-01-26T20
2010,hasWeather,meteo_2010_2010-01-04T01
2010,hasWeather,meteo_2010_2010-01-04T02
2010,hasWeather,meteo_2010_2010-01-26T22
2010,hasWeather,meteo_2010_2010-01-04T03
2010,hasWeather,meteo_2010_2010-01-04T04
2010,hasWeather,meteo_2010_2010-01-26T21
2010,hasWeather,meteo_2010_2010-01-04T05
2010,hasWeather,meteo_2010_2010-01-04T06
2010,hasWeather,meteo_2010_2010-01-04T07
2010,hasWeather,meteo_2010_2010-01-04T08
2010,hasWeather,meteo_2010_2010-01-04T09
2010,hasWeather,meteo_2010_2010-01-15T18
2010,hasWeather,meteo_2010_2010-01-15T19
2010,hasWeather,meteo_2010_2010-01-15T16
2010,hasWeather,meteo_2010_2010-01-15T17
2010,hasWeather,meteo_2010_2010-01-15T14
2010,hasWeather,meteo_2010_2010-01-15T15
2010,hasWeather,meteo_2010_2010-01-15T12
2010,hasWeather,meteo_2010_2010-01-15T13
2010,hasWeather,meteo_2010_2010-01-15T21
2010,hasWeather,meteo_2010_2010-01-15T22
2010,hasWeather,meteo_2010_2010-01-15T20
2010,hasWeather,meteo_2010_2010-01-27T07
2010,hasWeather,meteo_2010_2010-01-27T06
2010,hasWeather,meteo_2010_2010-01-27T09
2010,hasWeather,meteo_2010_2010-01-27T08
2010,hasWeather,meteo_2010_2010-01-27T03
2010,hasWeather,meteo_2010_2010-01-27T02
2010,hasWeather,meteo_2010_2010-01-27T05
2010,hasWeather,meteo_2010_2010-01-04T10
2010,hasWeather,meteo_2010_2010-01-04T11
2010,hasWeather,meteo_2010_2010-01-27T04
2010,hasWeather,meteo_2010_2010-01-04T12
2010,hasWeather,meteo_2010_2010-01-04T13
2010,hasWeather,meteo_2010_2010-01-04T14
2010,hasWeather,meteo_2010_2010-01-27T01
2010,hasWeather,meteo_2010_2010-01-04T15
2010,hasWeather,meteo_2010_2010-01-27T00
2010,hasWeather,meteo_2010_2010-01-04T16
2010,hasWeather,meteo_2010_2010-01-04T17
2010,hasWeather,meteo_2010_2010-01-04T18
2010,hasWeather,meteo_2010_2010-01-04T19
2010,hasWeather,meteo_2010_2010-01-15T23
2010,hasWeather,meteo_2010_2010-01-16T01
2010,hasWeather,meteo_2010_2010-01-16T00
2010,hasWeather,meteo_2010_2010-01-27T18
2010,hasWeather,meteo_2010_2010-01-27T17
2010,hasWeather,meteo_2010_2010-01-27T19
2010,hasWeather,meteo_2010_2010-01-27T14
2010,hasWeather,meteo_2010_2010-01-04T20
2010,hasWeather,meteo_2010_2010-01-27T13
2010,hasWeather,meteo_2010_2010-01-04T21
2010,hasWeather,meteo_2010_2010-01-27T16
2010,hasWeather,meteo_2010_2010-01-27T15
2010,hasWeather,meteo_2010_2010-01-04T22
2010,hasWeather,meteo_2010_2010-01-04T23
2010,hasWeather,meteo_2010_2010-01-27T10
2010,hasWeather,meteo_2010_2010-01-27T12
2010,hasWeather,meteo_2010_2010-01-27T11
2010,hasWeather,meteo_2010_2010-01-16T09
2010,hasWeather,meteo_2010_2010-01-16T08
2010,hasWeather,meteo_2010_2010-01-16T07
2010,hasWeather,meteo_2010_2010-01-16T06
2010,hasWeather,meteo_2010_2010-01-16T05
2010,hasWeather,meteo_2010_2010-01-16T04
2010,hasWeather,meteo_2010_2010-01-16T03
2010,hasWeather,meteo_2010_2010-01-16T02
2010,hasWeather,meteo_2010_2010-01-16T12
2010,hasWeather,meteo_2010_2010-01-16T11
2010,hasWeather,meteo_2010_2010-01-16T10
2010,hasWeather,meteo_2010_2010-01-05T00
2010,hasWeather,meteo_2010_2010-01-05T01
2010,hasWeather,meteo_2010_2010-01-27T21
2010,hasWeather,meteo_2010_2010-01-05T02
2010,hasWeather,meteo_2010_2010-01-05T03
2010,hasWeather,meteo_2010_2010-01-27T20
2010,hasWeather,meteo_2010_2010-01-27T23
2010,hasWeather,meteo_2010_2010-01-05T04
2010,hasWeather,meteo_2010_2010-01-27T22
2010,hasWeather,meteo_2010_2010-01-05T05
2010,hasWeather,meteo_2010_2010-01-05T06
2010,hasWeather,meteo_2010_2010-01-05T07
2010,hasWeather,meteo_2010_2010-01-05T08
2010,hasWeather,meteo_2010_2010-01-05T09
2010,hasWeather,meteo_2010_2010-01-16T19
2010,hasWeather,meteo_2010_2010-01-16T18
2010,hasWeather,meteo_2010_2010-01-16T17
2010,hasWeather,meteo_2010_2010-01-16T16
2010,hasWeather,meteo_2010_2010-01-16T15
2010,hasWeather,meteo_2010_2010-01-16T14
2010,hasWeather,meteo_2010_2010-01-16T13
2010,hasWeather,meteo_2010_2010-01-16T23
2010,hasWeather,meteo_2010_2010-01-16T22
2010,hasWeather,meteo_2010_2010-01-16T21
2010,hasWeather,meteo_2010_2010-01-16T20
2010,hasWeather,meteo_2010_2010-01-28T09
2010,hasWeather,meteo_2010_2010-01-28T07
2010,hasWeather,meteo_2010_2010-01-28T08
2010,hasWeather,meteo_2010_2010-01-28T05
2010,hasWeather,meteo_2010_2010-01-05T10
2010,hasWeather,meteo_2010_2010-01-28T06
2010,hasWeather,meteo_2010_2010-01-28T03
2010,hasWeather,meteo_2010_2010-01-05T11
2010,hasWeather,meteo_2010_2010-01-05T12
2010,hasWeather,meteo_2010_2010-01-28T04
2010,hasWeather,meteo_2010_2010-01-28T01
2010,hasWeather,meteo_2010_2010-01-05T13
2010,hasWeather,meteo_2010_2010-01-05T14
2010,hasWeather,meteo_2010_2010-01-28T02
2010,hasWeather,meteo_2010_2010-01-05T15
2010,hasWeather,meteo_2010_2010-01-05T16
2010,hasWeather,meteo_2010_2010-01-28T00
2010,hasWeather,meteo_2010_2010-01-05T17
2010,hasWeather,meteo_2010_2010-01-05T18
2010,hasWeather,meteo_2010_2010-01-05T19
2010,hasWeather,meteo_2010_2010-01-17T02
2010,hasWeather,meteo_2010_2010-01-17T01
2010,hasWeather,meteo_2010_2010-01-17T00
2010,hasWeather,meteo_2010_2010-01-28T18
2010,hasWeather,meteo_2010_2010-01-28T19
2010,hasWeather,meteo_2010_2010-01-28T16
2010,hasWeather,meteo_2010_2010-01-05T20
2010,hasWeather,meteo_2010_2010-01-05T21
2010,hasWeather,meteo_2010_2010-01-28T17
2010,hasWeather,meteo_2010_2010-01-28T14
2010,hasWeather,meteo_2010_2010-01-05T22
2010,hasWeather,meteo_2010_2010-01-28T15
2010,hasWeather,meteo_2010_2010-01-05T23
2010,hasWeather,meteo_2010_2010-01-28T12
2010,hasWeather,meteo_2010_2010-01-28T13
2010,hasWeather,meteo_2010_2010-01-28T10
2010,hasWeather,meteo_2010_2010-01-28T11
2010,hasWeather,meteo_2010_2010-01-17T09
2010,hasWeather,meteo_2010_2010-01-17T08
2010,hasWeather,meteo_2010_2010-01-17T07
2010,hasWeather,meteo_2010_2010-01-17T06
2010,hasWeather,meteo_2010_2010-01-17T05
2010,hasWeather,meteo_2010_2010-01-17T04
2010,hasWeather,meteo_2010_2010-01-17T03
city_Arcata/Eureka_CA,locatedIn,state_CA
city_Beaumont/Port_Arthur_TX,locatedIn,state_TX
city_Champaign/Urbana_IL,locatedIn,state_IL
city_Fayetteville/Springdale/Rogers_AR,locatedIn,state_AR
city_Iron_Mountain/Kingsford_MI,locatedIn,state_MI
city_Kailua/Kona_HI,locatedIn,state_HI
city_Wilkes-Barre/Scranton_PA,locatedIn,state_PA
